Full Name,Company,Contact Rank,Job Title,Employer / Agency,Contact Type,Why This Contact,LinkedIn / Route,Email,Verification Confidence,Verified / Researched,Source URL,Suggested Personalization,Outreach Status,Last Contact,Next Follow-up,Notes,Is Placeholder
Matt Forner,Ground News,1,Creator Partnerships,Ground News,Internal,Builds and scales creator partnership programs; publicly discusses YouTube sponsorship economics and audience alignment.,https://www.linkedin.com/in/mattforner,,High,2026-09-10,https://www.linkedin.com/in/mattforner,Lead with audience trust/alignment rather than projected views alone.,Not contacted,,,Named contact verified from current public profile/search evidence.,No
Tiffany Sliwa,Ground News,2,Influencer Marketing Manager,Ground News,Internal,Manages strategic influencer relationships and high-profile creator deals.,https://ca.linkedin.com/in/tiffanysliwa,,High,2026-09-10,https://ca.linkedin.com/in/tiffanysliwa,Mention fit with long-form geopolitics/security viewers.,Not contacted,,,Named contact verified from current public profile/search evidence.,No
Imamuddin Soomro,Ground News,3,Influencer / Partnerships,Ground News,Internal,"Experienced in digital, influencer and sponsorship deal structures.",https://ca.linkedin.com/in/imamsoomro,,Medium-High,2026-09-10,https://ca.linkedin.com/in/imamsoomro,Reference Ground News's long-form creator partnerships.,Not contacted,,,Named contact verified from current public profile/search evidence.,No
Victoria Adamo,Ground News,4,Influencer / creator partnerships,Ground News,Internal,Publicly engages creators/agencies and influencer-marketing hiring.,https://www.linkedin.com/in/victoria-adamo-b8135342,,Medium-High,2026-09-10,https://www.linkedin.com/in/victoria-adamo-b8135342,Mention rapidly growing Instagram in addition to YouTube.,Not contacted,,,Named contact verified from current public profile/search evidence.,No
Joshua Bond,Ground News,5,Creator / sponsorship revenue,Ground News,Internal,Public recommendations describe strong creator-landscape revenue performance.,https://ca.linkedin.com/in/joshua-bond-43b67916a,,Medium,2026-09-10,https://ca.linkedin.com/in/joshua-bond-43b67916a,Use as escalation/secondary contact if first outreach is quiet.,Not contacted,,,Named contact verified from current public profile/search evidence.,No
Ana-Maria Enache,Proton VPN,1,Influencer Marketing Manager,Proton,Internal,Directly responsible for influencer campaigns across creator platforms.,https://ro.linkedin.com/in/ana-maria-enache-727139ab,,High,2026-09-10,https://ro.linkedin.com/in/ana-maria-enache-727139ab,Reference her work on Proton influencer campaigns and the privacy/security audience fit.,Not contacted,,,Named contact verified from current public profile/search evidence.,No
Thais Bompani,Proton VPN,2,Influencer media / expansion strategy for Proton VPN,Joar Company,Agency,Publicly states she leads Proton VPN expansion strategy through influencer media.,https://www.linkedin.com/in/thaisbompani/en,,High,2026-09-10,https://www.linkedin.com/in/thaisbompani/en,Mention Proton's international influencer expansion and The Cartel Insider's cross-platform growth.,Not contacted,,,Named contact verified from current public profile/search evidence.,No
Gustavo Toselli Haag,Proton VPN,3,Influencer marketing team / growth,Proton,Internal,Publicly connected to Proton influencer team growth and hiring.,https://es.linkedin.com/in/gustavo-toselli-haag-189046123,,Medium-High,2026-09-10,https://es.linkedin.com/in/gustavo-toselli-haag-189046123,Ask whether he owns or can route a creator partnership in security/geopolitics.,Not contacted,,,Named contact verified from current public profile/search evidence.,No
Mike Stachurski,Proton VPN,4,Partnerships / Affiliate Marketing,Proton,Internal,Relevant escalation route for broader partner/affiliate structures.,https://nl.linkedin.com/in/mikestachurski,,Medium-High,2026-09-10,https://nl.linkedin.com/in/mikestachurski,"Pitch paid sponsorship first, with affiliate upside as secondary.",Not contacted,,,Named contact verified from current public profile/search evidence.,No
Official creator route,Proton VPN,5,Influencer partnerships inbox,Proton,Official route,Official Proton partner page lists influencers@proton.ch.,https://proton.me/partners,influencers@proton.ch,High,2026-09-10,https://proton.me/partners,Send media kit only after a concise fit-led introduction.,Not contacted,,,Named contact verified from current public profile/search evidence.,No
Ingrida Ivinskaitė,NordVPN,1,Influencer Marketing,Nord Security,Internal,Long-tenured influencer marketer working across international creator campaigns.,https://lt.linkedin.com/in/iivinskaite,,High,2026-09-10,https://lt.linkedin.com/in/iivinskaite,Mention direct fit with privacy/security/geopolitics.,Not contacted,,,Named contact verified from current public profile/search evidence.,No
Tom Babic,NordVPN,2,Influencer Manager,Nord Security,Internal,Creator-focused influencer manager with explicit YouTube orientation.,https://fr.linkedin.com/in/tom-babic-072bb1149,,High,2026-09-10,https://fr.linkedin.com/in/tom-babic-072bb1149,Lead with long-form YouTube performance; add Instagram as incremental reach.,Not contacted,,,Named contact verified from current public profile/search evidence.,No
Amber Verstegen,NordVPN,3,Influencer Marketing Manager,NordVPN / Nord Security,Internal,Relevant influencer marketing contact for NordVPN.,https://nl.linkedin.com/in/amberverstegen/nl,,High,2026-09-10,https://nl.linkedin.com/in/amberverstegen/nl,Pitch cross-platform paid integration.,Not contacted,,,Named contact verified from current public profile/search evidence.,No
Jake Storer,NordVPN,4,Influencer Marketing / Podcasts,Nord Security,Internal,Works in influencer/podcast partnerships.,https://uk.linkedin.com/in/jake-storer,,Medium-High,2026-09-10,https://uk.linkedin.com/in/jake-storer,Use as alternate creator-partnership route.,Not contacted,,,Named contact verified from current public profile/search evidence.,No
Vilmantas Andrukonis,NordVPN,5,Influencer Marketing leadership,Nord Security,Internal,Works with and hires international influencer teams.,https://lt.linkedin.com/in/vilmantas-andrukonis,,Medium-High,2026-09-10,https://lt.linkedin.com/in/vilmantas-andrukonis,Escalation route / team routing.,Not contacted,,,Named contact verified from current public profile/search evidence.,No
Gabrielė Palepšaitė,Surfshark,1,Head of Influencer Marketing,Surfshark,Internal,"Leads influencer strategy across US, Asia and Europe.",https://lt.linkedin.com/in/gabrielemarozaite,,High,2026-09-10,https://lt.linkedin.com/in/gabrielemarozaite,Reference Surfshark's creator-led growth model and cross-platform opportunity.,Not contacted,,,Named contact verified from current public profile/search evidence.,No
Domas Černiauskis,Surfshark,2,Creator Partnerships Team Lead,Surfshark / Incogni,Internal,Publicly speaks about building markets through creators and Incogni's creator strategy.,https://lt.linkedin.com/in/domascer,,High,2026-09-10,https://lt.linkedin.com/in/domascer,Excellent fit for either Surfshark or Incogni; lead with creator/audience alignment.,Not contacted,,,Named contact verified from current public profile/search evidence.,No
Povilas Čižinauskas,Surfshark,3,Influencer Marketing Manager,Surfshark,Internal,Current influencer marketing route.,https://lt.linkedin.com/in/povilas-%C4%8Di%C5%BEinauskas-61a95623a,,High,2026-09-10,https://lt.linkedin.com/in/povilas-%C4%8Di%C5%BEinauskas-61a95623a,Pitch YouTube integration with optional Instagram extension.,Not contacted,,,Named contact verified from current public profile/search evidence.,No
Ignas Liutkus,Surfshark,4,Strategic Partnerships Manager,Surfshark,Internal,Strategic partnership route.,https://lt.linkedin.com/in/ignasliutkus,,Medium-High,2026-09-10,https://lt.linkedin.com/in/ignasliutkus,Use for broader recurring or bundle partnership.,Not contacted,,,Named contact verified from current public profile/search evidence.,No
Erika Jankauskaitė,Surfshark,5,Influencer Marketing,Surfshark,Internal,Connected to Surfshark influencer organization and creator campaigns.,https://lt.linkedin.com/in/erika-jankauskait%C4%97-94aa3a1a8,,Medium,2026-09-10,https://lt.linkedin.com/in/erika-jankauskait%C4%97-94aa3a1a8,Secondary route after creator leads.,Not contacted,,,Named contact verified from current public profile/search evidence.,No
Domas Černiauskis,Incogni,1,Creator Partnerships Team Lead,Surfshark / Incogni,Shared team,Publicly presents on how creator partnerships built and scaled Incogni.,https://lt.linkedin.com/in/domascer,,High,2026-09-10,https://lt.linkedin.com/in/domascer,Mention creator-market fit and audience trust around privacy/data brokers.,Not contacted,,,Named contact verified from current public profile/search evidence.,No
Ieva Papievytė,Incogni,2,Partnership Growth Manager,Incogni,Internal,Current Incogni partnerships-team member focused on growth partnerships.,https://lt.linkedin.com/in/ieva-papievyt%C4%97-45567b206,,High,2026-09-10,https://lt.linkedin.com/in/ieva-papievyt%C4%97-45567b206,Offer sponsorship + affiliate upside without leading on rates.,Not contacted,,,Named contact verified from current public profile/search evidence.,No
Povilas Čižinauskas,Incogni,3,Influencer Marketing Manager,Surfshark,Shared organization,Works within the same creator partnership ecosystem and engages Incogni team activity.,https://lt.linkedin.com/in/povilas-%C4%8Di%C5%BEinauskas-61a95623a,,Medium,2026-09-10,https://lt.linkedin.com/in/povilas-%C4%8Di%C5%BEinauskas-61a95623a,Ask to route to the Incogni buyer if not directly responsible.,Not contacted,,,Named contact verified from current public profile/search evidence.,No
TO RESEARCH,Incogni,4,Partnerships / Affiliate Manager,Incogni,Secondary buyer,Useful for hybrid paid + performance structure or internal routing.,,,Open – no current person verified,2026-09-10,https://sponsorradar.com/channels/covertcabal,Search Incogni + 'Partnerships / Affiliate Manager'. Validate current employment before messaging.,Research needed,,,Intentional research slot. Do not contact a guessed person; replace only after current role is verified.,Yes
TO RESEARCH,Incogni,5,Growth / Performance Marketing Manager,Incogni,Escalation,Useful where creator media sits inside performance acquisition.,,,Open – no current person verified,2026-09-10,https://sponsorradar.com/channels/covertcabal,Search Incogni + 'Growth / Performance Marketing Manager'. Validate current employment before messaging.,Research needed,,,Intentional research slot. Do not contact a guessed person; replace only after current role is verified.,Yes
Asante Gadson,DeleteMe,1,Influencer Marketing Manager,DeleteMe,Internal,Direct influencer marketing remit at DeleteMe.,https://www.linkedin.com/in/asantegadson,,High,2026-09-10,https://www.linkedin.com/in/asantegadson,Doxxing/data broker + crime/security editorial bridge.,Not contacted,,,Named contact verified from current public profile/search evidence.,No
Destiny Weiss,DeleteMe,2,Affiliate Marketing / Growth Partnerships,DeleteMe,Internal,Partnerships and affiliate-growth route.,https://www.linkedin.com/in/destiny-weiss,,High,2026-09-10,https://www.linkedin.com/in/destiny-weiss,Offer paid sponsorship with affiliate layer as upside.,Not contacted,,,Named contact verified from current public profile/search evidence.,No
Ethan Mantel,DeleteMe,3,Brand / Content / Growth / Performance,DeleteMe,Internal,"Relevant to brand, YouTube and performance acquisition.",https://www.linkedin.com/in/ethanmantel,,Medium-High,2026-09-10,https://www.linkedin.com/in/ethanmantel,Lead with long-form audience trust and direct-response suitability.,Not contacted,,,Named contact verified from current public profile/search evidence.,No
Melissa Miller,DeleteMe,4,Marketing Growth / Partnerships,DeleteMe,Internal,Growth and partnerships leadership route.,https://www.linkedin.com/in/melissa-malcom-miller,,Medium,2026-09-10,https://www.linkedin.com/in/melissa-malcom-miller,Use for escalation after influencer team.,Not contacted,,,Named contact verified from current public profile/search evidence.,No
Matt E.,DeleteMe,5,Partner Ecosystem,DeleteMe,Internal,Works on the partner ecosystem and partner business growth.,https://www.linkedin.com/in/matt-e-317a6440,,Medium,2026-09-10,https://www.linkedin.com/in/matt-e-317a6440,Frame potential recurring sponsorship + performance partnership.,Not contacted,,,Named contact verified from current public profile/search evidence.,No
TO RESEARCH,Aura,1,Head of Influencer / Creator Marketing,Aura,Primary buyer,Find the person who owns creator acquisition and sponsorship budget.,,,Open – no current person verified,2026-09-10,https://sponsorradar.com/channels/scammerpayback,Search Aura + 'Head of Influencer / Creator Marketing'. Validate current employment before messaging.,Research needed,,,Intentional research slot. Do not contact a guessed person; replace only after current role is verified.,Yes
TO RESEARCH,Aura,2,Influencer Marketing Manager,Aura,Primary operator,Likely day-to-day buyer/negotiator for integrations.,,,Open – no current person verified,2026-09-10,https://sponsorradar.com/channels/scammerpayback,Search Aura + 'Influencer Marketing Manager'. Validate current employment before messaging.,Research needed,,,Intentional research slot. Do not contact a guessed person; replace only after current role is verified.,Yes
TO RESEARCH,Aura,3,Creator Partnerships / Sponsorships Manager,Aura,Primary operator,Direct remit for creator deals and sponsorships.,,,Open – no current person verified,2026-09-10,https://sponsorradar.com/channels/scammerpayback,Search Aura + 'Creator Partnerships / Sponsorships Manager'. Validate current employment before messaging.,Research needed,,,Intentional research slot. Do not contact a guessed person; replace only after current role is verified.,Yes
TO RESEARCH,Aura,4,Partnerships / Affiliate Manager,Aura,Secondary buyer,Useful for hybrid paid + performance structure or internal routing.,,,Open – no current person verified,2026-09-10,https://sponsorradar.com/channels/scammerpayback,Search Aura + 'Partnerships / Affiliate Manager'. Validate current employment before messaging.,Research needed,,,Intentional research slot. Do not contact a guessed person; replace only after current role is verified.,Yes
TO RESEARCH,Aura,5,Growth / Performance Marketing Manager,Aura,Escalation,Useful where creator media sits inside performance acquisition.,,,Open – no current person verified,2026-09-10,https://sponsorradar.com/channels/scammerpayback,Search Aura + 'Growth / Performance Marketing Manager'. Validate current employment before messaging.,Research needed,,,Intentional research slot. Do not contact a guessed person; replace only after current role is verified.,Yes
Neringa Kudarauskiene,Saily,1,Partnerships / Affiliate,Saily / Nord Security,Internal,Public Saily affiliate/partner-program route with dedicated partnership managers.,https://lt.linkedin.com/in/neringakudarauskiene,,High,2026-09-10,https://lt.linkedin.com/in/neringakudarauskiene,Pitch paid creator integration and optional affiliate layer.,Not contacted,,,Named contact verified from current public profile/search evidence.,No
Ingrida Ivinskaitė,Saily,2,Influencer Marketing,Nord Security,Shared team,Works across Nord international influencer organization.,https://lt.linkedin.com/in/iivinskaite,,High,2026-09-10,https://lt.linkedin.com/in/iivinskaite,Ask specifically about Saily creator campaigns.,Not contacted,,,Named contact verified from current public profile/search evidence.,No
Laura Garsdal Kavaliauskė,Saily,3,Influencer / creator team,Nord Security / Saily,Shared team,Publicly connected to hiring/building Saily influencer function.,https://lt.linkedin.com/in/lauragarsdalkavaliauske,,Medium-High,2026-09-10,https://lt.linkedin.com/in/lauragarsdalkavaliauske,Mention YouTube + Instagram bundle.,Not contacted,,,Named contact verified from current public profile/search evidence.,No
Vilmantas Andrukonis,Saily,4,Influencer Marketing leadership,Nord Security,Shared team,Leadership/hiring route across influencer teams.,https://lt.linkedin.com/in/vilmantas-andrukonis,,Medium-High,2026-09-10,https://lt.linkedin.com/in/vilmantas-andrukonis,Escalation / routing.,Not contacted,,,Named contact verified from current public profile/search evidence.,No
Mindaugas Cekauskas,Saily,5,Saily / Growth,Saily,Internal,Current Saily team contact relevant to growth route.,https://lt.linkedin.com/in/mindaugas-cekauskas-3522a313,,Medium,2026-09-10,https://lt.linkedin.com/in/mindaugas-cekauskas-3522a313,Secondary contact.,Not contacted,,,Named contact verified from current public profile/search evidence.,No
Nuno Paiva,Private Internet Access,1,Influencer Campaigns – PIA,MatchUp,Agency,Publicly connected to an ongoing Private Internet Access influencer campaign.,https://ca.linkedin.com/in/nunolpaiva,,High,2026-09-10,https://ca.linkedin.com/in/nunolpaiva,Approach as PIA campaign-side buyer; lead with long-form security/geopolitics fit.,Not contacted,,,Named contact verified from current public profile/search evidence.,No
Gabriel Pedrosa,Private Internet Access,2,Influencer Campaigns – PIA,MatchUp,Agency,Directly associated with PIA campaign work.,https://br.linkedin.com/in/gabriel-pedrosa-3823121a7,,High,2026-09-10,https://br.linkedin.com/in/gabriel-pedrosa-3823121a7,Same PIA campaign angle; ask about current creator roster.,Not contacted,,,Named contact verified from current public profile/search evidence.,No
TO RESEARCH,Private Internet Access,3,Creator Partnerships / Sponsorships Manager,Private Internet Access,Primary operator,Direct remit for creator deals and sponsorships.,,,Open – no current person verified,2026-09-10,https://sponsorradar.com/channels/perunau,Search Private Internet Access + 'Creator Partnerships / Sponsorships Manager'. Validate current employment before messaging.,Research needed,,,Intentional research slot. Do not contact a guessed person; replace only after current role is verified.,Yes
TO RESEARCH,Private Internet Access,4,Partnerships / Affiliate Manager,Private Internet Access,Secondary buyer,Useful for hybrid paid + performance structure or internal routing.,,,Open – no current person verified,2026-09-10,https://sponsorradar.com/channels/perunau,Search Private Internet Access + 'Partnerships / Affiliate Manager'. Validate current employment before messaging.,Research needed,,,Intentional research slot. Do not contact a guessed person; replace only after current role is verified.,Yes
TO RESEARCH,Private Internet Access,5,Growth / Performance Marketing Manager,Private Internet Access,Escalation,Useful where creator media sits inside performance acquisition.,,,Open – no current person verified,2026-09-10,https://sponsorradar.com/channels/perunau,Search Private Internet Access + 'Growth / Performance Marketing Manager'. Validate current employment before messaging.,Research needed,,,Intentional research slot. Do not contact a guessed person; replace only after current role is verified.,Yes
David Hamidzadah,Plaud,1,"Head of Marketing, Americas",Plaud,Internal,Leads marketing in the Americas; publicly hiring influencer leadership.,https://www.linkedin.com/in/david-hamidzadah,,High,2026-09-10,https://www.linkedin.com/in/david-hamidzadah,Pitch US audience if strong; emphasize multi-platform reach.,Not contacted,,,Named contact verified from current public profile/search evidence.,No
Megan Bray,Plaud,2,Influencer Marketing,Plaud,Internal,Current influencer-marketing route associated with hiring/team activity.,https://www.linkedin.com/in/meganbray628,,High,2026-09-10,https://www.linkedin.com/in/meganbray628,Lead with 121k Instagram plus YouTube long-form.,Not contacted,,,Named contact verified from current public profile/search evidence.,No
Brandon Lutz,Plaud,3,Marketing / Influencer team,Plaud,Internal,Publicly connected to Plaud EU influencer-team expansion.,https://uk.linkedin.com/in/lutzbrandon,,Medium-High,2026-09-10,https://uk.linkedin.com/in/lutzbrandon,Use for European routing.,Not contacted,,,Named contact verified from current public profile/search evidence.,No
Zhiqi Mai,Plaud,4,Marketing / Influencer team,Plaud,Internal,Publicly connected to Plaud influencer hiring/activity.,https://sg.linkedin.com/in/zhiqimai,,Medium,2026-09-10,https://sg.linkedin.com/in/zhiqimai,Secondary route.,Not contacted,,,Named contact verified from current public profile/search evidence.,No
TO RESEARCH,Plaud,5,Growth / Performance Marketing Manager,Plaud,Escalation,Useful where creator media sits inside performance acquisition.,,,Open – no current person verified,2026-09-10,https://sponsorradar.com/channels/covertcabal,Search Plaud + 'Growth / Performance Marketing Manager'. Validate current employment before messaging.,Research needed,,,Intentional research slot. Do not contact a guessed person; replace only after current role is verified.,Yes
Mihai Silviu Istrate,Bitdefender,1,Global Marketing & Product Manager – Security for Creators,Bitdefender,Internal,Explicitly leads/markets a security-for-creators proposition.,https://ro.linkedin.com/in/silviuistrate,,High,2026-09-10,https://ro.linkedin.com/in/silviuistrate,Very direct bridge: creator security + crime/intelligence audience.,Not contacted,,,Named contact verified from current public profile/search evidence.,No
Adelina Nastase,Bitdefender,2,"Senior Manager, Global Digital & Marketing Communication, B2C",Bitdefender,Internal,Coordinates B2C activities including social media and influencers.,https://ro.linkedin.com/in/adelina-nastase,,High,2026-09-10,https://ro.linkedin.com/in/adelina-nastase,Mention cybersecurity audience and creator-led storytelling.,Not contacted,,,Named contact verified from current public profile/search evidence.,No
Elena S.,Bitdefender,3,Social Media Manager,Bitdefender,Internal,Manages B2C/B2B2C social campaigns and influencer relationships.,https://ro.linkedin.com/in/elena-s-1b157116,,High,2026-09-10,https://ro.linkedin.com/in/elena-s-1b157116,Instagram + YouTube package.,Not contacted,,,Named contact verified from current public profile/search evidence.,No
Razvan Todor,Bitdefender,4,"VP, Strategic Partnerships and Alliances, CSG",Bitdefender,Internal,Global consumer cybersecurity partnerships executive.,https://ro.linkedin.com/in/razvantodor,,Medium-High,2026-09-10,https://ro.linkedin.com/in/razvantodor,Escalation for broader strategic partnership.,Not contacted,,,Named contact verified from current public profile/search evidence.,No
Alina Anton,Bitdefender,5,Senior PR Manager France/Italy/Spain,Bitdefender,Internal,Senior Spain-facing marketing/PR route with partner and social experience.,https://ro.linkedin.com/in/alinaanton,,Medium,2026-09-10,https://ro.linkedin.com/in/alinaanton,Useful regional route from Spain.,Not contacted,,,Named contact verified from current public profile/search evidence.,No
Roberta Corrêa,Hostinger,1,Creator Partnerships,Hostinger,Internal,Creator-partnership role tied to Hostinger's creator ecosystem.,https://br.linkedin.com/in/robertacorrea2,,High,2026-09-10,https://br.linkedin.com/in/robertacorrea2,Pitch the channel as a credible long-form creator plus fast-growing Instagram media brand.,Not contacted,,,Named contact verified from current public profile/search evidence.,No
Karolis Varnelis,Hostinger,2,Partnerships / Influencer / Affiliate,Hostinger,Internal,Direct partnerships and influencer-growth relevance.,https://lt.linkedin.com/in/karolis-varnelis,,High,2026-09-10,https://lt.linkedin.com/in/karolis-varnelis,Paid creator partnership first; performance component second.,Not contacted,,,Named contact verified from current public profile/search evidence.,No
Francisco Marques Alves,Hostinger,3,Influencer Partnerships – US,Hostinger,Internal,Relevant influencer partnerships route for US market.,https://pt.linkedin.com/in/fmmalves,,High,2026-09-10,https://pt.linkedin.com/in/fmmalves,Especially strong if analytics show US-heavy audience.,Not contacted,,,Named contact verified from current public profile/search evidence.,No
Kasparas Jakštonis,Hostinger,4,Partnerships / Influencer Marketing / BD,Hostinger,Internal,Direct partnerships and creator-marketing remit.,https://lt.linkedin.com/in/kjakstonis,,Medium-High,2026-09-10,https://lt.linkedin.com/in/kjakstonis,Use as alternate buyer.,Not contacted,,,Named contact verified from current public profile/search evidence.,No
Mariana Ramires Ramos Afonso,Hostinger,5,YouTube Influencer Strategy,Hostinger,Internal,Publicly associated with Hostinger YouTube influencer strategy.,https://pt.linkedin.com/in/mariana-ramires-ramos-afonso/pt,,High,2026-09-10,https://pt.linkedin.com/in/mariana-ramires-ramos-afonso/pt,Lead with YouTube long-form and recent performance.,Not contacted,,,Named contact verified from current public profile/search evidence.,No
Pao G.,War Thunder (Gaijin),1,Gaijin Entertainment,Gaijin Entertainment,Internal,Current Gaijin contact; public activity includes War Thunder partnership discussions in the 2026 esports ecosystem.,https://mx.linkedin.com/in/paotwinni,,Medium,2026-09-10,https://mx.linkedin.com/in/paotwinni,Ask specifically for creator/influencer sponsorship owner.,Not contacted,,,Named contact verified from current public profile/search evidence.,No
Olha Luka,War Thunder (Gaijin),2,Gaijin Entertainment,Gaijin Entertainment,Internal,Current Gaijin team contact visibly connected to War Thunder.,https://ge.linkedin.com/in/olha-luka,,Low-Medium,2026-09-10,https://ge.linkedin.com/in/olha-luka,"Routing fallback, not verified sponsorship buyer.",Not contacted,,,Named contact verified from current public profile/search evidence.,No
TO RESEARCH,War Thunder (Gaijin),3,Creator Partnerships / Sponsorships Manager,War Thunder (Gaijin),Primary operator,Direct remit for creator deals and sponsorships.,,,Open – no current person verified,2026-09-10,https://sponsorradar.com/channels/militaryhistoryvisualized,Search War Thunder (Gaijin) + 'Creator Partnerships / Sponsorships Manager'. Validate current employment before messaging.,Research needed,,,Intentional research slot. Do not contact a guessed person; replace only after current role is verified.,Yes
TO RESEARCH,War Thunder (Gaijin),4,Partnerships / Affiliate Manager,War Thunder (Gaijin),Secondary buyer,Useful for hybrid paid + performance structure or internal routing.,,,Open – no current person verified,2026-09-10,https://sponsorradar.com/channels/militaryhistoryvisualized,Search War Thunder (Gaijin) + 'Partnerships / Affiliate Manager'. Validate current employment before messaging.,Research needed,,,Intentional research slot. Do not contact a guessed person; replace only after current role is verified.,Yes
TO RESEARCH,War Thunder (Gaijin),5,Growth / Performance Marketing Manager,War Thunder (Gaijin),Escalation,Useful where creator media sits inside performance acquisition.,,,Open – no current person verified,2026-09-10,https://sponsorradar.com/channels/militaryhistoryvisualized,Search War Thunder (Gaijin) + 'Growth / Performance Marketing Manager'. Validate current employment before messaging.,Research needed,,,Intentional research slot. Do not contact a guessed person; replace only after current role is verified.,Yes
Hannah D.,Norton / LifeLock,1,Marketing,Gen,Internal,"Current Gen marketing contact publicly hiring senior social/influencer leadership for Norton, LifeLock and Avast.",https://www.linkedin.com/in/hannahdt,,High,2026-09-10,https://www.linkedin.com/in/hannahdt,Reference current social/influencer expansion and crime/cyber audience fit.,Not contacted,,,Named contact verified from current public profile/search evidence.,No
TO RESEARCH,Norton / LifeLock,2,Influencer Marketing Manager,Norton / LifeLock,Primary operator,Likely day-to-day buyer/negotiator for integrations.,,,Open – no current person verified,2026-09-10,https://sponsorradar.com/channels/cybernews,Search Norton / LifeLock + 'Influencer Marketing Manager'. Validate current employment before messaging.,Research needed,,,Intentional research slot. Do not contact a guessed person; replace only after current role is verified.,Yes
TO RESEARCH,Norton / LifeLock,3,Creator Partnerships / Sponsorships Manager,Norton / LifeLock,Primary operator,Direct remit for creator deals and sponsorships.,,,Open – no current person verified,2026-09-10,https://sponsorradar.com/channels/cybernews,Search Norton / LifeLock + 'Creator Partnerships / Sponsorships Manager'. Validate current employment before messaging.,Research needed,,,Intentional research slot. Do not contact a guessed person; replace only after current role is verified.,Yes
TO RESEARCH,Norton / LifeLock,4,Partnerships / Affiliate Manager,Norton / LifeLock,Secondary buyer,Useful for hybrid paid + performance structure or internal routing.,,,Open – no current person verified,2026-09-10,https://sponsorradar.com/channels/cybernews,Search Norton / LifeLock + 'Partnerships / Affiliate Manager'. Validate current employment before messaging.,Research needed,,,Intentional research slot. Do not contact a guessed person; replace only after current role is verified.,Yes
TO RESEARCH,Norton / LifeLock,5,Growth / Performance Marketing Manager,Norton / LifeLock,Escalation,Useful where creator media sits inside performance acquisition.,,,Open – no current person verified,2026-09-10,https://sponsorradar.com/channels/cybernews,Search Norton / LifeLock + 'Growth / Performance Marketing Manager'. Validate current employment before messaging.,Research needed,,,Intentional research slot. Do not contact a guessed person; replace only after current role is verified.,Yes
TO RESEARCH,ExpressVPN,1,Head of Influencer / Creator Marketing,ExpressVPN,Primary buyer,Find the person who owns creator acquisition and sponsorship budget.,,,Open – no current person verified,2026-09-10,https://sponsorradar.com/channels/taskandpurpose,Search ExpressVPN + 'Head of Influencer / Creator Marketing'. Validate current employment before messaging.,Research needed,,,Intentional research slot. Do not contact a guessed person; replace only after current role is verified.,Yes
TO RESEARCH,ExpressVPN,2,Influencer Marketing Manager,ExpressVPN,Primary operator,Likely day-to-day buyer/negotiator for integrations.,,,Open – no current person verified,2026-09-10,https://sponsorradar.com/channels/taskandpurpose,Search ExpressVPN + 'Influencer Marketing Manager'. Validate current employment before messaging.,Research needed,,,Intentional research slot. Do not contact a guessed person; replace only after current role is verified.,Yes
TO RESEARCH,ExpressVPN,3,Creator Partnerships / Sponsorships Manager,ExpressVPN,Primary operator,Direct remit for creator deals and sponsorships.,,,Open – no current person verified,2026-09-10,https://sponsorradar.com/channels/taskandpurpose,Search ExpressVPN + 'Creator Partnerships / Sponsorships Manager'. Validate current employment before messaging.,Research needed,,,Intentional research slot. Do not contact a guessed person; replace only after current role is verified.,Yes
TO RESEARCH,ExpressVPN,4,Partnerships / Affiliate Manager,ExpressVPN,Secondary buyer,Useful for hybrid paid + performance structure or internal routing.,,,Open – no current person verified,2026-09-10,https://sponsorradar.com/channels/taskandpurpose,Search ExpressVPN + 'Partnerships / Affiliate Manager'. Validate current employment before messaging.,Research needed,,,Intentional research slot. Do not contact a guessed person; replace only after current role is verified.,Yes
TO RESEARCH,ExpressVPN,5,Growth / Performance Marketing Manager,ExpressVPN,Escalation,Useful where creator media sits inside performance acquisition.,,,Open – no current person verified,2026-09-10,https://sponsorradar.com/channels/taskandpurpose,Search ExpressVPN + 'Growth / Performance Marketing Manager'. Validate current employment before messaging.,Research needed,,,Intentional research slot. Do not contact a guessed person; replace only after current role is verified.,Yes
TO RESEARCH,Cloaked,1,Head of Influencer / Creator Marketing,Cloaked,Primary buyer,Find the person who owns creator acquisition and sponsorship budget.,,,Open – no current person verified,2026-09-10,https://sponsorradar.com/channels/cybernews,Search Cloaked + 'Head of Influencer / Creator Marketing'. Validate current employment before messaging.,Research needed,,,Intentional research slot. Do not contact a guessed person; replace only after current role is verified.,Yes
TO RESEARCH,Cloaked,2,Influencer Marketing Manager,Cloaked,Primary operator,Likely day-to-day buyer/negotiator for integrations.,,,Open – no current person verified,2026-09-10,https://sponsorradar.com/channels/cybernews,Search Cloaked + 'Influencer Marketing Manager'. Validate current employment before messaging.,Research needed,,,Intentional research slot. Do not contact a guessed person; replace only after current role is verified.,Yes
TO RESEARCH,Cloaked,3,Creator Partnerships / Sponsorships Manager,Cloaked,Primary operator,Direct remit for creator deals and sponsorships.,,,Open – no current person verified,2026-09-10,https://sponsorradar.com/channels/cybernews,Search Cloaked + 'Creator Partnerships / Sponsorships Manager'. Validate current employment before messaging.,Research needed,,,Intentional research slot. Do not contact a guessed person; replace only after current role is verified.,Yes
TO RESEARCH,Cloaked,4,Partnerships / Affiliate Manager,Cloaked,Secondary buyer,Useful for hybrid paid + performance structure or internal routing.,,,Open – no current person verified,2026-09-10,https://sponsorradar.com/channels/cybernews,Search Cloaked + 'Partnerships / Affiliate Manager'. Validate current employment before messaging.,Research needed,,,Intentional research slot. Do not contact a guessed person; replace only after current role is verified.,Yes
TO RESEARCH,Cloaked,5,Growth / Performance Marketing Manager,Cloaked,Escalation,Useful where creator media sits inside performance acquisition.,,,Open – no current person verified,2026-09-10,https://sponsorradar.com/channels/cybernews,Search Cloaked + 'Growth / Performance Marketing Manager'. Validate current employment before messaging.,Research needed,,,Intentional research slot. Do not contact a guessed person; replace only after current role is verified.,Yes
TO RESEARCH,NordPass,1,Head of Influencer / Creator Marketing,NordPass,Primary buyer,Find the person who owns creator acquisition and sponsorship budget.,,,Open – no current person verified,2026-09-10,https://sponsorradar.com/channels/cybernews,Search NordPass + 'Head of Influencer / Creator Marketing'. Validate current employment before messaging.,Research needed,,,Intentional research slot. Do not contact a guessed person; replace only after current role is verified.,Yes
TO RESEARCH,NordPass,2,Influencer Marketing Manager,NordPass,Primary operator,Likely day-to-day buyer/negotiator for integrations.,,,Open – no current person verified,2026-09-10,https://sponsorradar.com/channels/cybernews,Search NordPass + 'Influencer Marketing Manager'. Validate current employment before messaging.,Research needed,,,Intentional research slot. Do not contact a guessed person; replace only after current role is verified.,Yes
TO RESEARCH,NordPass,3,Creator Partnerships / Sponsorships Manager,NordPass,Primary operator,Direct remit for creator deals and sponsorships.,,,Open – no current person verified,2026-09-10,https://sponsorradar.com/channels/cybernews,Search NordPass + 'Creator Partnerships / Sponsorships Manager'. Validate current employment before messaging.,Research needed,,,Intentional research slot. Do not contact a guessed person; replace only after current role is verified.,Yes
TO RESEARCH,NordPass,4,Partnerships / Affiliate Manager,NordPass,Secondary buyer,Useful for hybrid paid + performance structure or internal routing.,,,Open – no current person verified,2026-09-10,https://sponsorradar.com/channels/cybernews,Search NordPass + 'Partnerships / Affiliate Manager'. Validate current employment before messaging.,Research needed,,,Intentional research slot. Do not contact a guessed person; replace only after current role is verified.,Yes
TO RESEARCH,NordPass,5,Growth / Performance Marketing Manager,NordPass,Escalation,Useful where creator media sits inside performance acquisition.,,,Open – no current person verified,2026-09-10,https://sponsorradar.com/channels/cybernews,Search NordPass + 'Growth / Performance Marketing Manager'. Validate current employment before messaging.,Research needed,,,Intentional research slot. Do not contact a guessed person; replace only after current role is verified.,Yes
TO RESEARCH,Brilliant,1,Head of Influencer / Creator Marketing,Brilliant,Primary buyer,Find the person who owns creator acquisition and sponsorship budget.,,,Open – no current person verified,2026-09-10,https://sponsorradar.com/channels/tldrdaily,Search Brilliant + 'Head of Influencer / Creator Marketing'. Validate current employment before messaging.,Research needed,,,Intentional research slot. Do not contact a guessed person; replace only after current role is verified.,Yes
TO RESEARCH,Brilliant,2,Influencer Marketing Manager,Brilliant,Primary operator,Likely day-to-day buyer/negotiator for integrations.,,,Open – no current person verified,2026-09-10,https://sponsorradar.com/channels/tldrdaily,Search Brilliant + 'Influencer Marketing Manager'. Validate current employment before messaging.,Research needed,,,Intentional research slot. Do not contact a guessed person; replace only after current role is verified.,Yes
TO RESEARCH,Brilliant,3,Creator Partnerships / Sponsorships Manager,Brilliant,Primary operator,Direct remit for creator deals and sponsorships.,,,Open – no current person verified,2026-09-10,https://sponsorradar.com/channels/tldrdaily,Search Brilliant + 'Creator Partnerships / Sponsorships Manager'. Validate current employment before messaging.,Research needed,,,Intentional research slot. Do not contact a guessed person; replace only after current role is verified.,Yes
TO RESEARCH,Brilliant,4,Partnerships / Affiliate Manager,Brilliant,Secondary buyer,Useful for hybrid paid + performance structure or internal routing.,,,Open – no current person verified,2026-09-10,https://sponsorradar.com/channels/tldrdaily,Search Brilliant + 'Partnerships / Affiliate Manager'. Validate current employment before messaging.,Research needed,,,Intentional research slot. Do not contact a guessed person; replace only after current role is verified.,Yes
TO RESEARCH,Brilliant,5,Growth / Performance Marketing Manager,Brilliant,Escalation,Useful where creator media sits inside performance acquisition.,,,Open – no current person verified,2026-09-10,https://sponsorradar.com/channels/tldrdaily,Search Brilliant + 'Growth / Performance Marketing Manager'. Validate current employment before messaging.,Research needed,,,Intentional research slot. Do not contact a guessed person; replace only after current role is verified.,Yes
Cynthia Youngblood,World of Warships (Wargaming),1,Marketing / Influencer Campaigns,Wargaming,Internal,Current Wargaming contact publicly associated with major influencer campaign work.,https://www.linkedin.com/in/cynthiareyes5,,Medium-High,2026-09-10,https://www.linkedin.com/in/cynthiareyes5,Mention military-analysis audience overlap.,Not contacted,,,Named contact verified from current public profile/search evidence.,No
Stefano Incollingo,World of Warships (Wargaming),2,Influencer Marketing,Wargaming,Internal,Profile explicitly references influencer marketing work.,https://fr.linkedin.com/in/stefanoincollingo/en,,High,2026-09-10,https://fr.linkedin.com/in/stefanoincollingo/en,Direct creator outreach target.,Not contacted,,,Named contact verified from current public profile/search evidence.,No
Michael Bakaleinik,World of Warships (Wargaming),3,Marketing / Partnerships,Wargaming,Internal,Current Wargaming route with sponsor/collaboration activity.,https://www.linkedin.com/in/michael-bakaleinik,,Medium,2026-09-10,https://www.linkedin.com/in/michael-bakaleinik,Secondary route.,Not contacted,,,Named contact verified from current public profile/search evidence.,No
TO RESEARCH,World of Warships (Wargaming),4,Partnerships / Affiliate Manager,World of Warships (Wargaming),Secondary buyer,Useful for hybrid paid + performance structure or internal routing.,,,Open – no current person verified,2026-09-10,https://sponsorradar.com/channels/theoperationsroom,Search World of Warships (Wargaming) + 'Partnerships / Affiliate Manager'. Validate current employment before messaging.,Research needed,,,Intentional research slot. Do not contact a guessed person; replace only after current role is verified.,Yes
TO RESEARCH,World of Warships (Wargaming),5,Growth / Performance Marketing Manager,World of Warships (Wargaming),Escalation,Useful where creator media sits inside performance acquisition.,,,Open – no current person verified,2026-09-10,https://sponsorradar.com/channels/theoperationsroom,Search World of Warships (Wargaming) + 'Growth / Performance Marketing Manager'. Validate current employment before messaging.,Research needed,,,Intentional research slot. Do not contact a guessed person; replace only after current role is verified.,Yes
Severine Delhove,Odoo,1,Influencer Marketing,Odoo,Internal,Works in Odoo influencer marketing.,https://be.linkedin.com/in/severine-delhove-influencer-marketing,,High,2026-09-10,https://be.linkedin.com/in/severine-delhove-influencer-marketing,Reference Odoo's sponsorship presence in serious long-form channels.,Not contacted,,,Named contact verified from current public profile/search evidence.,No
Sofia Sanchez Navarro,Odoo,2,Influencer Marketing / Spain,Odoo,Internal,Publicly seeks Spanish influencers for Odoo collaborations.,https://es.linkedin.com/in/sofia-sanchez-navarro-a76273303/en,,High,2026-09-10,https://es.linkedin.com/in/sofia-sanchez-navarro-a76273303/en,Spanish route; mention international English-language channel + Spain-based management.,Not contacted,,,Named contact verified from current public profile/search evidence.,No
Rosa Carcel,Odoo,3,Marketing / Influencer team – Spain,Odoo,Internal,Publicly shared Odoo Spain influencer-marketing hiring/work.,https://es.linkedin.com/in/rosacarcel,,Medium-High,2026-09-10,https://es.linkedin.com/in/rosacarcel,Ask for routing to sponsorship owner.,Not contacted,,,Named contact verified from current public profile/search evidence.,No
Shireen C.,Odoo,4,Marketing / Influencer team – Spain,Odoo,Internal,Connected to Odoo Spain influencer-marketing hiring.,https://es.linkedin.com/in/shireencoppens,,Medium,2026-09-10,https://es.linkedin.com/in/shireencoppens,Secondary local route.,Not contacted,,,Named contact verified from current public profile/search evidence.,No
Lidia Hernández Ferrer,Odoo,5,Marketing / Influencer,Odoo,Internal,Publicly connected to Odoo influencer-marketing activity.,https://es.linkedin.com/in/lidia-hern%C3%A1ndez-ferrer-a17b0b161,,Medium,2026-09-10,https://es.linkedin.com/in/lidia-hern%C3%A1ndez-ferrer-a17b0b161,Secondary route.,Not contacted,,,Named contact verified from current public profile/search evidence.,No
Ohad Lotan,MyHeritage,1,Influencer Marketing / Creator campaigns,MyHeritage,Internal,Publicly involved in influencer marketing and creator campaigns for years.,https://il.linkedin.com/in/ohad-lotan,,High,2026-09-10,https://il.linkedin.com/in/ohad-lotan,History/identity angle + proven creator format.,Not contacted,,,Named contact verified from current public profile/search evidence.,No
Margaux Stelman,MyHeritage,2,Partnerships / Affiliate,MyHeritage,Internal,Partnerships and affiliate route; public contact details available.,https://il.linkedin.com/in/margaux-stelman,margaux.stelman@myheritage.com,High,2026-09-10,https://il.linkedin.com/in/margaux-stelman,Paid sponsorship first; affiliate second.,Not contacted,,,Named contact verified from current public profile/search evidence.,No
Nir Rosner,MyHeritage,3,Online Marketing / Partnerships,MyHeritage,Internal,Hiring/management route for partnerships and affiliate marketing.,https://il.linkedin.com/in/nir-rosner,,Medium-High,2026-09-10,https://il.linkedin.com/in/nir-rosner,Ask to route to influencer buyer.,Not contacted,,,Named contact verified from current public profile/search evidence.,No
Ben Goldenshtein,MyHeritage,4,Affiliate / Partnerships,MyHeritage,Internal,Affiliate partnership route.,https://www.linkedin.com/in/ben-goldenshtein,,Medium,2026-09-10,https://www.linkedin.com/in/ben-goldenshtein,Secondary route.,Not contacted,,,Named contact verified from current public profile/search evidence.,No
TO RESEARCH,MyHeritage,5,Growth / Performance Marketing Manager,MyHeritage,Escalation,Useful where creator media sits inside performance acquisition.,,,Open – no current person verified,2026-09-10,https://sponsorradar.com/channels/taskandpurpose,Search MyHeritage + 'Growth / Performance Marketing Manager'. Validate current employment before messaging.,Research needed,,,Intentional research slot. Do not contact a guessed person; replace only after current role is verified.,Yes
Jon-Eric Cornellier,1Password,1,Performance Marketing,1Password,Internal,Current performance marketing team; closest verified acquisition route found.,https://www.linkedin.com/in/jecornellier,,High,2026-09-10,https://www.linkedin.com/in/jecornellier,Lead with measurable creator acquisition and security fit.,Not contacted,,,Named contact verified from current public profile/search evidence.,No
Sara Gauthier,1Password,2,"Lead, Field Marketing",1Password,Internal,Leads field marketing and partnership activations.,https://www.linkedin.com/in/saralcohen2,,Medium,2026-09-10,https://www.linkedin.com/in/saralcohen2,Ask to route to performance/creator owner.,Not contacted,,,Named contact verified from current public profile/search evidence.,No
Melissa Rightor,1Password,3,Strategic Marketing,1Password,Internal,Senior revenue-growth marketing route.,https://www.linkedin.com/in/melissarightor,,Medium,2026-09-10,https://www.linkedin.com/in/melissarightor,Escalation/routing.,Not contacted,,,Named contact verified from current public profile/search evidence.,No
Laura O'Melia,1Password,4,Channel Marketing,1Password,Internal,Senior channel marketing / GTM route.,https://www.linkedin.com/in/lauraomelia,,Low-Medium,2026-09-10,https://www.linkedin.com/in/lauraomelia,Not a creator buyer; use only as routing fallback.,Not contacted,,,Named contact verified from current public profile/search evidence.,No
Larissa Crandall,1Password,5,"Global VP, Channel",1Password,Internal,Senior partner leadership route.,https://www.linkedin.com/in/larissacrandall,,Low-Medium,2026-09-10,https://www.linkedin.com/in/larissacrandall,Escalation only; not first-line influencer contact.,Not contacted,,,Named contact verified from current public profile/search evidence.,No
TO RESEARCH,OneRep,1,Head of Influencer / Creator Marketing,OneRep,Primary buyer,Find the person who owns creator acquisition and sponsorship budget.,,,Open – no current person verified,2026-09-10,https://sponsorradar.com/channels/taskandpurpose,Search OneRep + 'Head of Influencer / Creator Marketing'. Validate current employment before messaging.,Research needed,,,Intentional research slot. Do not contact a guessed person; replace only after current role is verified.,Yes
TO RESEARCH,OneRep,2,Influencer Marketing Manager,OneRep,Primary operator,Likely day-to-day buyer/negotiator for integrations.,,,Open – no current person verified,2026-09-10,https://sponsorradar.com/channels/taskandpurpose,Search OneRep + 'Influencer Marketing Manager'. Validate current employment before messaging.,Research needed,,,Intentional research slot. Do not contact a guessed person; replace only after current role is verified.,Yes
TO RESEARCH,OneRep,3,Creator Partnerships / Sponsorships Manager,OneRep,Primary operator,Direct remit for creator deals and sponsorships.,,,Open – no current person verified,2026-09-10,https://sponsorradar.com/channels/taskandpurpose,Search OneRep + 'Creator Partnerships / Sponsorships Manager'. Validate current employment before messaging.,Research needed,,,Intentional research slot. Do not contact a guessed person; replace only after current role is verified.,Yes
TO RESEARCH,OneRep,4,Partnerships / Affiliate Manager,OneRep,Secondary buyer,Useful for hybrid paid + performance structure or internal routing.,,,Open – no current person verified,2026-09-10,https://sponsorradar.com/channels/taskandpurpose,Search OneRep + 'Partnerships / Affiliate Manager'. Validate current employment before messaging.,Research needed,,,Intentional research slot. Do not contact a guessed person; replace only after current role is verified.,Yes
TO RESEARCH,OneRep,5,Growth / Performance Marketing Manager,OneRep,Escalation,Useful where creator media sits inside performance acquisition.,,,Open – no current person verified,2026-09-10,https://sponsorradar.com/channels/taskandpurpose,Search OneRep + 'Growth / Performance Marketing Manager'. Validate current employment before messaging.,Research needed,,,Intentional research slot. Do not contact a guessed person; replace only after current role is verified.,Yes
Madison Chopp,SimpliSafe,1,Influencer Marketing,The Outloud Group,Agency,Agency-side route connected to influencer campaigns for SimpliSafe.,https://www.linkedin.com/in/madison-chopp-b648133b,,High,2026-09-10,https://www.linkedin.com/in/madison-chopp-b648133b,Pitch security-minded audience and clean sponsor-safe integrations.,Not contacted,,,Named contact verified from current public profile/search evidence.,No
Maya Lillard,SimpliSafe,2,Marketing / Influencer background,SimpliSafe,Internal,Current SimpliSafe contact with influencer-management experience.,https://www.linkedin.com/in/mayalillard,,Medium,2026-09-10,https://www.linkedin.com/in/mayalillard,Ask to route to current creator acquisition owner.,Not contacted,,,Named contact verified from current public profile/search evidence.,No
TO RESEARCH,SimpliSafe,3,Creator Partnerships / Sponsorships Manager,SimpliSafe,Primary operator,Direct remit for creator deals and sponsorships.,,,Open – no current person verified,2026-09-10,https://sponsorradar.com/channels/whataboutit,Search SimpliSafe + 'Creator Partnerships / Sponsorships Manager'. Validate current employment before messaging.,Research needed,,,Intentional research slot. Do not contact a guessed person; replace only after current role is verified.,Yes
TO RESEARCH,SimpliSafe,4,Partnerships / Affiliate Manager,SimpliSafe,Secondary buyer,Useful for hybrid paid + performance structure or internal routing.,,,Open – no current person verified,2026-09-10,https://sponsorradar.com/channels/whataboutit,Search SimpliSafe + 'Partnerships / Affiliate Manager'. Validate current employment before messaging.,Research needed,,,Intentional research slot. Do not contact a guessed person; replace only after current role is verified.,Yes
TO RESEARCH,SimpliSafe,5,Growth / Performance Marketing Manager,SimpliSafe,Escalation,Useful where creator media sits inside performance acquisition.,,,Open – no current person verified,2026-09-10,https://sponsorradar.com/channels/whataboutit,Search SimpliSafe + 'Growth / Performance Marketing Manager'. Validate current employment before messaging.,Research needed,,,Intentional research slot. Do not contact a guessed person; replace only after current role is verified.,Yes
TO RESEARCH,Conflict of Nations,1,Head of Influencer / Creator Marketing,Conflict of Nations,Primary buyer,Find the person who owns creator acquisition and sponsorship budget.,,,Open – no current person verified,2026-09-10,https://sponsorradar.com/channels/theoperationsroom,Search Conflict of Nations + 'Head of Influencer / Creator Marketing'. Validate current employment before messaging.,Research needed,,,Intentional research slot. Do not contact a guessed person; replace only after current role is verified.,Yes
TO RESEARCH,Conflict of Nations,2,Influencer Marketing Manager,Conflict of Nations,Primary operator,Likely day-to-day buyer/negotiator for integrations.,,,Open – no current person verified,2026-09-10,https://sponsorradar.com/channels/theoperationsroom,Search Conflict of Nations + 'Influencer Marketing Manager'. Validate current employment before messaging.,Research needed,,,Intentional research slot. Do not contact a guessed person; replace only after current role is verified.,Yes
TO RESEARCH,Conflict of Nations,3,Creator Partnerships / Sponsorships Manager,Conflict of Nations,Primary operator,Direct remit for creator deals and sponsorships.,,,Open – no current person verified,2026-09-10,https://sponsorradar.com/channels/theoperationsroom,Search Conflict of Nations + 'Creator Partnerships / Sponsorships Manager'. Validate current employment before messaging.,Research needed,,,Intentional research slot. Do not contact a guessed person; replace only after current role is verified.,Yes
TO RESEARCH,Conflict of Nations,4,Partnerships / Affiliate Manager,Conflict of Nations,Secondary buyer,Useful for hybrid paid + performance structure or internal routing.,,,Open – no current person verified,2026-09-10,https://sponsorradar.com/channels/theoperationsroom,Search Conflict of Nations + 'Partnerships / Affiliate Manager'. Validate current employment before messaging.,Research needed,,,Intentional research slot. Do not contact a guessed person; replace only after current role is verified.,Yes
TO RESEARCH,Conflict of Nations,5,Growth / Performance Marketing Manager,Conflict of Nations,Escalation,Useful where creator media sits inside performance acquisition.,,,Open – no current person verified,2026-09-10,https://sponsorradar.com/channels/theoperationsroom,Search Conflict of Nations + 'Growth / Performance Marketing Manager'. Validate current employment before messaging.,Research needed,,,Intentional research slot. Do not contact a guessed person; replace only after current role is verified.,Yes
TO RESEARCH,Ekster,1,Head of Influencer / Creator Marketing,Ekster,Primary buyer,Find the person who owns creator acquisition and sponsorship budget.,,,Open – no current person verified,2026-09-10,https://sponsorradar.com/channels/covertcabal,Search Ekster + 'Head of Influencer / Creator Marketing'. Validate current employment before messaging.,Research needed,,,Intentional research slot. Do not contact a guessed person; replace only after current role is verified.,Yes
TO RESEARCH,Ekster,2,Influencer Marketing Manager,Ekster,Primary operator,Likely day-to-day buyer/negotiator for integrations.,,,Open – no current person verified,2026-09-10,https://sponsorradar.com/channels/covertcabal,Search Ekster + 'Influencer Marketing Manager'. Validate current employment before messaging.,Research needed,,,Intentional research slot. Do not contact a guessed person; replace only after current role is verified.,Yes
TO RESEARCH,Ekster,3,Creator Partnerships / Sponsorships Manager,Ekster,Primary operator,Direct remit for creator deals and sponsorships.,,,Open – no current person verified,2026-09-10,https://sponsorradar.com/channels/covertcabal,Search Ekster + 'Creator Partnerships / Sponsorships Manager'. Validate current employment before messaging.,Research needed,,,Intentional research slot. Do not contact a guessed person; replace only after current role is verified.,Yes
TO RESEARCH,Ekster,4,Partnerships / Affiliate Manager,Ekster,Secondary buyer,Useful for hybrid paid + performance structure or internal routing.,,,Open – no current person verified,2026-09-10,https://sponsorradar.com/channels/covertcabal,Search Ekster + 'Partnerships / Affiliate Manager'. Validate current employment before messaging.,Research needed,,,Intentional research slot. Do not contact a guessed person; replace only after current role is verified.,Yes
TO RESEARCH,Ekster,5,Growth / Performance Marketing Manager,Ekster,Escalation,Useful where creator media sits inside performance acquisition.,,,Open – no current person verified,2026-09-10,https://sponsorradar.com/channels/covertcabal,Search Ekster + 'Growth / Performance Marketing Manager'. Validate current employment before messaging.,Research needed,,,Intentional research slot. Do not contact a guessed person; replace only after current role is verified.,Yes
Maddie Wallace,Rocket Money,1,Influencer Marketing Lead,Rocket Money,Internal,Leads/hiring influencer marketing team and direct-response creator acquisition.,https://www.linkedin.com/in/maddie-wallace,,High,2026-09-10,https://www.linkedin.com/in/maddie-wallace,Pitch long-form direct-response audience; qualify US share.,Not contacted,,,Named contact verified from current public profile/search evidence.,No
Minting Young,Rocket Money,2,Influencer Marketing,Rocket Money,Internal,Performance-driven influencer marketer.,https://www.linkedin.com/in/mintingyoung,,High,2026-09-10,https://www.linkedin.com/in/mintingyoung,Lead with audience quality and expected integration performance.,Not contacted,,,Named contact verified from current public profile/search evidence.,No
Lawrence Young,Rocket Money,3,Growth,Rocket Money,Internal,Growth route at Rocket Money.,https://www.linkedin.com/in/lawrencejyoung,,Medium,2026-09-10,https://www.linkedin.com/in/lawrencejyoung,Escalation if influencer team is unresponsive.,Not contacted,,,Named contact verified from current public profile/search evidence.,No
Cameron Mills,Rocket Money,4,Marketing / Growth,Rocket Money,Internal,Relevant Rocket Money marketing route.,https://www.linkedin.com/in/cameronamills,,Medium,2026-09-10,https://www.linkedin.com/in/cameronamills,Secondary route.,Not contacted,,,Named contact verified from current public profile/search evidence.,No
Lauren Bennett,Rocket Money,5,Growth / Creative,Rocket Money,Internal,Senior growth/creative experience relevant to creator acquisition.,https://www.linkedin.com/in/laurenbrunner,,Medium,2026-09-10,https://www.linkedin.com/in/laurenbrunner,Secondary/escalation route.,Not contacted,,,Named contact verified from current public profile/search evidence.,No
Anna Tuck Pharis,Storyblocks,1,Partnerships Manager – Influencer & Creator Marketing,Storyblocks,Internal,Explicit influencer/creator partnerships remit.,https://www.linkedin.com/in/anna-pharis,,High,2026-09-10,https://www.linkedin.com/in/anna-pharis,Lead with visual storytelling credibility and long-form creator audience.,Not contacted,,,Named contact verified from current public profile/search evidence.,No
Kaitlyn Rossi,Storyblocks,2,Creator Partnerships / Marketing,Storyblocks,Internal,Current Storyblocks creator-partnership activity.,https://www.linkedin.com/in/kaitlynrossi,,Medium-High,2026-09-10,https://www.linkedin.com/in/kaitlynrossi,YouTube integration + potential creator-use case.,Not contacted,,,Named contact verified from current public profile/search evidence.,No
Kyle Miller,Storyblocks,3,Marketing / Creator team,Storyblocks,Internal,Current Storyblocks creator-team connection.,https://www.linkedin.com/in/kymil,,Medium,2026-09-10,https://www.linkedin.com/in/kymil,Secondary route.,Not contacted,,,Named contact verified from current public profile/search evidence.,No
Jason Chong,Storyblocks,4,Storyblocks / Partnerships,Storyblocks,Internal,Relevant Storyblocks partnership contact; exact creator remit should be reconfirmed on outreach.,https://www.linkedin.com/in/jason-chong,,Low-Medium,2026-09-10,https://www.linkedin.com/in/jason-chong,Routing fallback.,Not contacted,,,Named contact verified from current public profile/search evidence.,No
TO RESEARCH,Storyblocks,5,Growth / Performance Marketing Manager,Storyblocks,Escalation,Useful where creator media sits inside performance acquisition.,,,Open – no current person verified,2026-09-10,https://sponsorradar.com/channels/searchparty,Search Storyblocks + 'Growth / Performance Marketing Manager'. Validate current employment before messaging.,Research needed,,,Intentional research slot. Do not contact a guessed person; replace only after current role is verified.,Yes
TO RESEARCH,Internxt,1,Head of Influencer / Creator Marketing,Internxt,Primary buyer,Find the person who owns creator acquisition and sponsorship budget.,,,Open – no current person verified,2026-09-10,https://sponsorradar.com/channels/cybernews,Search Internxt + 'Head of Influencer / Creator Marketing'. Validate current employment before messaging.,Research needed,,,Intentional research slot. Do not contact a guessed person; replace only after current role is verified.,Yes
TO RESEARCH,Internxt,2,Influencer Marketing Manager,Internxt,Primary operator,Likely day-to-day buyer/negotiator for integrations.,,,Open – no current person verified,2026-09-10,https://sponsorradar.com/channels/cybernews,Search Internxt + 'Influencer Marketing Manager'. Validate current employment before messaging.,Research needed,,,Intentional research slot. Do not contact a guessed person; replace only after current role is verified.,Yes
TO RESEARCH,Internxt,3,Creator Partnerships / Sponsorships Manager,Internxt,Primary operator,Direct remit for creator deals and sponsorships.,,,Open – no current person verified,2026-09-10,https://sponsorradar.com/channels/cybernews,Search Internxt + 'Creator Partnerships / Sponsorships Manager'. Validate current employment before messaging.,Research needed,,,Intentional research slot. Do not contact a guessed person; replace only after current role is verified.,Yes
TO RESEARCH,Internxt,4,Partnerships / Affiliate Manager,Internxt,Secondary buyer,Useful for hybrid paid + performance structure or internal routing.,,,Open – no current person verified,2026-09-10,https://sponsorradar.com/channels/cybernews,Search Internxt + 'Partnerships / Affiliate Manager'. Validate current employment before messaging.,Research needed,,,Intentional research slot. Do not contact a guessed person; replace only after current role is verified.,Yes
TO RESEARCH,Internxt,5,Growth / Performance Marketing Manager,Internxt,Escalation,Useful where creator media sits inside performance acquisition.,,,Open – no current person verified,2026-09-10,https://sponsorradar.com/channels/cybernews,Search Internxt + 'Growth / Performance Marketing Manager'. Validate current employment before messaging.,Research needed,,,Intentional research slot. Do not contact a guessed person; replace only after current role is verified.,Yes
TO RESEARCH,Windscribe,1,Head of Influencer / Creator Marketing,Windscribe,Primary buyer,Find the person who owns creator acquisition and sponsorship budget.,,,Open – no current person verified,2026-09-10,https://sponsorradar.com/channels/cybernews,Search Windscribe + 'Head of Influencer / Creator Marketing'. Validate current employment before messaging.,Research needed,,,Intentional research slot. Do not contact a guessed person; replace only after current role is verified.,Yes
TO RESEARCH,Windscribe,2,Influencer Marketing Manager,Windscribe,Primary operator,Likely day-to-day buyer/negotiator for integrations.,,,Open – no current person verified,2026-09-10,https://sponsorradar.com/channels/cybernews,Search Windscribe + 'Influencer Marketing Manager'. Validate current employment before messaging.,Research needed,,,Intentional research slot. Do not contact a guessed person; replace only after current role is verified.,Yes
TO RESEARCH,Windscribe,3,Creator Partnerships / Sponsorships Manager,Windscribe,Primary operator,Direct remit for creator deals and sponsorships.,,,Open – no current person verified,2026-09-10,https://sponsorradar.com/channels/cybernews,Search Windscribe + 'Creator Partnerships / Sponsorships Manager'. Validate current employment before messaging.,Research needed,,,Intentional research slot. Do not contact a guessed person; replace only after current role is verified.,Yes
TO RESEARCH,Windscribe,4,Partnerships / Affiliate Manager,Windscribe,Secondary buyer,Useful for hybrid paid + performance structure or internal routing.,,,Open – no current person verified,2026-09-10,https://sponsorradar.com/channels/cybernews,Search Windscribe + 'Partnerships / Affiliate Manager'. Validate current employment before messaging.,Research needed,,,Intentional research slot. Do not contact a guessed person; replace only after current role is verified.,Yes
TO RESEARCH,Windscribe,5,Growth / Performance Marketing Manager,Windscribe,Escalation,Useful where creator media sits inside performance acquisition.,,,Open – no current person verified,2026-09-10,https://sponsorradar.com/channels/cybernews,Search Windscribe + 'Growth / Performance Marketing Manager'. Validate current employment before messaging.,Research needed,,,Intentional research slot. Do not contact a guessed person; replace only after current role is verified.,Yes
TO RESEARCH,Raycon,1,Head of Influencer / Creator Marketing,Raycon,Primary buyer,Find the person who owns creator acquisition and sponsorship budget.,,,Open – no current person verified,2026-09-10,https://sponsorradar.com/channels/theoperationsroom,Search Raycon + 'Head of Influencer / Creator Marketing'. Validate current employment before messaging.,Research needed,,,Intentional research slot. Do not contact a guessed person; replace only after current role is verified.,Yes
TO RESEARCH,Raycon,2,Influencer Marketing Manager,Raycon,Primary operator,Likely day-to-day buyer/negotiator for integrations.,,,Open – no current person verified,2026-09-10,https://sponsorradar.com/channels/theoperationsroom,Search Raycon + 'Influencer Marketing Manager'. Validate current employment before messaging.,Research needed,,,Intentional research slot. Do not contact a guessed person; replace only after current role is verified.,Yes
TO RESEARCH,Raycon,3,Creator Partnerships / Sponsorships Manager,Raycon,Primary operator,Direct remit for creator deals and sponsorships.,,,Open – no current person verified,2026-09-10,https://sponsorradar.com/channels/theoperationsroom,Search Raycon + 'Creator Partnerships / Sponsorships Manager'. Validate current employment before messaging.,Research needed,,,Intentional research slot. Do not contact a guessed person; replace only after current role is verified.,Yes
TO RESEARCH,Raycon,4,Partnerships / Affiliate Manager,Raycon,Secondary buyer,Useful for hybrid paid + performance structure or internal routing.,,,Open – no current person verified,2026-09-10,https://sponsorradar.com/channels/theoperationsroom,Search Raycon + 'Partnerships / Affiliate Manager'. Validate current employment before messaging.,Research needed,,,Intentional research slot. Do not contact a guessed person; replace only after current role is verified.,Yes
TO RESEARCH,Raycon,5,Growth / Performance Marketing Manager,Raycon,Escalation,Useful where creator media sits inside performance acquisition.,,,Open – no current person verified,2026-09-10,https://sponsorradar.com/channels/theoperationsroom,Search Raycon + 'Growth / Performance Marketing Manager'. Validate current employment before messaging.,Research needed,,,Intentional research slot. Do not contact a guessed person; replace only after current role is verified.,Yes
TO RESEARCH,Nebula,1,Head of Influencer / Creator Marketing,Nebula,Primary buyer,Find the person who owns creator acquisition and sponsorship budget.,,,Open – no current person verified,2026-09-10,https://sponsorradar.com/channels/tldrdaily,Search Nebula + 'Head of Influencer / Creator Marketing'. Validate current employment before messaging.,Research needed,,,Intentional research slot. Do not contact a guessed person; replace only after current role is verified.,Yes
TO RESEARCH,Nebula,2,Influencer Marketing Manager,Nebula,Primary operator,Likely day-to-day buyer/negotiator for integrations.,,,Open – no current person verified,2026-09-10,https://sponsorradar.com/channels/tldrdaily,Search Nebula + 'Influencer Marketing Manager'. Validate current employment before messaging.,Research needed,,,Intentional research slot. Do not contact a guessed person; replace only after current role is verified.,Yes
TO RESEARCH,Nebula,3,Creator Partnerships / Sponsorships Manager,Nebula,Primary operator,Direct remit for creator deals and sponsorships.,,,Open – no current person verified,2026-09-10,https://sponsorradar.com/channels/tldrdaily,Search Nebula + 'Creator Partnerships / Sponsorships Manager'. Validate current employment before messaging.,Research needed,,,Intentional research slot. Do not contact a guessed person; replace only after current role is verified.,Yes
TO RESEARCH,Nebula,4,Partnerships / Affiliate Manager,Nebula,Secondary buyer,Useful for hybrid paid + performance structure or internal routing.,,,Open – no current person verified,2026-09-10,https://sponsorradar.com/channels/tldrdaily,Search Nebula + 'Partnerships / Affiliate Manager'. Validate current employment before messaging.,Research needed,,,Intentional research slot. Do not contact a guessed person; replace only after current role is verified.,Yes
TO RESEARCH,Nebula,5,Growth / Performance Marketing Manager,Nebula,Escalation,Useful where creator media sits inside performance acquisition.,,,Open – no current person verified,2026-09-10,https://sponsorradar.com/channels/tldrdaily,Search Nebula + 'Growth / Performance Marketing Manager'. Validate current employment before messaging.,Research needed,,,Intentional research slot. Do not contact a guessed person; replace only after current role is verified.,Yes
TO RESEARCH,Henson Shaving,1,Head of Influencer / Creator Marketing,Henson Shaving,Primary buyer,Find the person who owns creator acquisition and sponsorship budget.,,,Open – no current person verified,2026-09-10,https://sponsorradar.com/channels/taskandpurpose,Search Henson Shaving + 'Head of Influencer / Creator Marketing'. Validate current employment before messaging.,Research needed,,,Intentional research slot. Do not contact a guessed person; replace only after current role is verified.,Yes
TO RESEARCH,Henson Shaving,2,Influencer Marketing Manager,Henson Shaving,Primary operator,Likely day-to-day buyer/negotiator for integrations.,,,Open – no current person verified,2026-09-10,https://sponsorradar.com/channels/taskandpurpose,Search Henson Shaving + 'Influencer Marketing Manager'. Validate current employment before messaging.,Research needed,,,Intentional research slot. Do not contact a guessed person; replace only after current role is verified.,Yes
TO RESEARCH,Henson Shaving,3,Creator Partnerships / Sponsorships Manager,Henson Shaving,Primary operator,Direct remit for creator deals and sponsorships.,,,Open – no current person verified,2026-09-10,https://sponsorradar.com/channels/taskandpurpose,Search Henson Shaving + 'Creator Partnerships / Sponsorships Manager'. Validate current employment before messaging.,Research needed,,,Intentional research slot. Do not contact a guessed person; replace only after current role is verified.,Yes
TO RESEARCH,Henson Shaving,4,Partnerships / Affiliate Manager,Henson Shaving,Secondary buyer,Useful for hybrid paid + performance structure or internal routing.,,,Open – no current person verified,2026-09-10,https://sponsorradar.com/channels/taskandpurpose,Search Henson Shaving + 'Partnerships / Affiliate Manager'. Validate current employment before messaging.,Research needed,,,Intentional research slot. Do not contact a guessed person; replace only after current role is verified.,Yes
TO RESEARCH,Henson Shaving,5,Growth / Performance Marketing Manager,Henson Shaving,Escalation,Useful where creator media sits inside performance acquisition.,,,Open – no current person verified,2026-09-10,https://sponsorradar.com/channels/taskandpurpose,Search Henson Shaving + 'Growth / Performance Marketing Manager'. Validate current employment before messaging.,Research needed,,,Intentional research slot. Do not contact a guessed person; replace only after current role is verified.,Yes
TO RESEARCH,Opera,1,Head of Influencer / Creator Marketing,Opera,Primary buyer,Find the person who owns creator acquisition and sponsorship budget.,,,Open – no current person verified,2026-09-10,https://sponsorradar.com/channels/newmind,Search Opera + 'Head of Influencer / Creator Marketing'. Validate current employment before messaging.,Research needed,,,Intentional research slot. Do not contact a guessed person; replace only after current role is verified.,Yes
TO RESEARCH,Opera,2,Influencer Marketing Manager,Opera,Primary operator,Likely day-to-day buyer/negotiator for integrations.,,,Open – no current person verified,2026-09-10,https://sponsorradar.com/channels/newmind,Search Opera + 'Influencer Marketing Manager'. Validate current employment before messaging.,Research needed,,,Intentional research slot. Do not contact a guessed person; replace only after current role is verified.,Yes
TO RESEARCH,Opera,3,Creator Partnerships / Sponsorships Manager,Opera,Primary operator,Direct remit for creator deals and sponsorships.,,,Open – no current person verified,2026-09-10,https://sponsorradar.com/channels/newmind,Search Opera + 'Creator Partnerships / Sponsorships Manager'. Validate current employment before messaging.,Research needed,,,Intentional research slot. Do not contact a guessed person; replace only after current role is verified.,Yes
TO RESEARCH,Opera,4,Partnerships / Affiliate Manager,Opera,Secondary buyer,Useful for hybrid paid + performance structure or internal routing.,,,Open – no current person verified,2026-09-10,https://sponsorradar.com/channels/newmind,Search Opera + 'Partnerships / Affiliate Manager'. Validate current employment before messaging.,Research needed,,,Intentional research slot. Do not contact a guessed person; replace only after current role is verified.,Yes
TO RESEARCH,Opera,5,Growth / Performance Marketing Manager,Opera,Escalation,Useful where creator media sits inside performance acquisition.,,,Open – no current person verified,2026-09-10,https://sponsorradar.com/channels/newmind,Search Opera + 'Growth / Performance Marketing Manager'. Validate current employment before messaging.,Research needed,,,Intentional research slot. Do not contact a guessed person; replace only after current role is verified.,Yes
Cynthia Youngblood,World of Tanks (Wargaming),1,Marketing / Influencer Campaigns,Wargaming,Internal,Current Wargaming contact publicly associated with major influencer campaign work.,https://www.linkedin.com/in/cynthiareyes5,,Medium-High,2026-09-10,https://www.linkedin.com/in/cynthiareyes5,Mention military-analysis audience overlap.,Not contacted,,,Named contact verified from current public profile/search evidence.,No
Stefano Incollingo,World of Tanks (Wargaming),2,Influencer Marketing,Wargaming,Internal,Profile explicitly references influencer marketing work.,https://fr.linkedin.com/in/stefanoincollingo/en,,High,2026-09-10,https://fr.linkedin.com/in/stefanoincollingo/en,Direct creator outreach target.,Not contacted,,,Named contact verified from current public profile/search evidence.,No
Michael Bakaleinik,World of Tanks (Wargaming),3,Marketing / Partnerships,Wargaming,Internal,Current Wargaming route with sponsor/collaboration activity.,https://www.linkedin.com/in/michael-bakaleinik,,Medium,2026-09-10,https://www.linkedin.com/in/michael-bakaleinik,Secondary route.,Not contacted,,,Named contact verified from current public profile/search evidence.,No
TO RESEARCH,World of Tanks (Wargaming),4,Partnerships / Affiliate Manager,World of Tanks (Wargaming),Secondary buyer,Useful for hybrid paid + performance structure or internal routing.,,,Open – no current person verified,2026-09-10,https://sponsorradar.com/channels/theoperationsroom,Search World of Tanks (Wargaming) + 'Partnerships / Affiliate Manager'. Validate current employment before messaging.,Research needed,,,Intentional research slot. Do not contact a guessed person; replace only after current role is verified.,Yes
TO RESEARCH,World of Tanks (Wargaming),5,Growth / Performance Marketing Manager,World of Tanks (Wargaming),Escalation,Useful where creator media sits inside performance acquisition.,,,Open – no current person verified,2026-09-10,https://sponsorradar.com/channels/theoperationsroom,Search World of Tanks (Wargaming) + 'Growth / Performance Marketing Manager'. Validate current employment before messaging.,Research needed,,,Intentional research slot. Do not contact a guessed person; replace only after current role is verified.,Yes
TO RESEARCH,Rec Watches,1,Head of Influencer / Creator Marketing,Rec Watches,Primary buyer,Find the person who owns creator acquisition and sponsorship budget.,,,Open – no current person verified,2026-09-10,https://sponsorradar.com/channels/theoperationsroom,Search Rec Watches + 'Head of Influencer / Creator Marketing'. Validate current employment before messaging.,Research needed,,,Intentional research slot. Do not contact a guessed person; replace only after current role is verified.,Yes
TO RESEARCH,Rec Watches,2,Influencer Marketing Manager,Rec Watches,Primary operator,Likely day-to-day buyer/negotiator for integrations.,,,Open – no current person verified,2026-09-10,https://sponsorradar.com/channels/theoperationsroom,Search Rec Watches + 'Influencer Marketing Manager'. Validate current employment before messaging.,Research needed,,,Intentional research slot. Do not contact a guessed person; replace only after current role is verified.,Yes
TO RESEARCH,Rec Watches,3,Creator Partnerships / Sponsorships Manager,Rec Watches,Primary operator,Direct remit for creator deals and sponsorships.,,,Open – no current person verified,2026-09-10,https://sponsorradar.com/channels/theoperationsroom,Search Rec Watches + 'Creator Partnerships / Sponsorships Manager'. Validate current employment before messaging.,Research needed,,,Intentional research slot. Do not contact a guessed person; replace only after current role is verified.,Yes
TO RESEARCH,Rec Watches,4,Partnerships / Affiliate Manager,Rec Watches,Secondary buyer,Useful for hybrid paid + performance structure or internal routing.,,,Open – no current person verified,2026-09-10,https://sponsorradar.com/channels/theoperationsroom,Search Rec Watches + 'Partnerships / Affiliate Manager'. Validate current employment before messaging.,Research needed,,,Intentional research slot. Do not contact a guessed person; replace only after current role is verified.,Yes
TO RESEARCH,Rec Watches,5,Growth / Performance Marketing Manager,Rec Watches,Escalation,Useful where creator media sits inside performance acquisition.,,,Open – no current person verified,2026-09-10,https://sponsorradar.com/channels/theoperationsroom,Search Rec Watches + 'Growth / Performance Marketing Manager'. Validate current employment before messaging.,Research needed,,,Intentional research slot. Do not contact a guessed person; replace only after current role is verified.,Yes
TO RESEARCH,Imprint,1,Head of Influencer / Creator Marketing,Imprint,Primary buyer,Find the person who owns creator acquisition and sponsorship budget.,,,Open – no current person verified,2026-09-10,https://sponsorradar.com/channels/tldrdaily,Search Imprint + 'Head of Influencer / Creator Marketing'. Validate current employment before messaging.,Research needed,,,Intentional research slot. Do not contact a guessed person; replace only after current role is verified.,Yes
TO RESEARCH,Imprint,2,Influencer Marketing Manager,Imprint,Primary operator,Likely day-to-day buyer/negotiator for integrations.,,,Open – no current person verified,2026-09-10,https://sponsorradar.com/channels/tldrdaily,Search Imprint + 'Influencer Marketing Manager'. Validate current employment before messaging.,Research needed,,,Intentional research slot. Do not contact a guessed person; replace only after current role is verified.,Yes
TO RESEARCH,Imprint,3,Creator Partnerships / Sponsorships Manager,Imprint,Primary operator,Direct remit for creator deals and sponsorships.,,,Open – no current person verified,2026-09-10,https://sponsorradar.com/channels/tldrdaily,Search Imprint + 'Creator Partnerships / Sponsorships Manager'. Validate current employment before messaging.,Research needed,,,Intentional research slot. Do not contact a guessed person; replace only after current role is verified.,Yes
TO RESEARCH,Imprint,4,Partnerships / Affiliate Manager,Imprint,Secondary buyer,Useful for hybrid paid + performance structure or internal routing.,,,Open – no current person verified,2026-09-10,https://sponsorradar.com/channels/tldrdaily,Search Imprint + 'Partnerships / Affiliate Manager'. Validate current employment before messaging.,Research needed,,,Intentional research slot. Do not contact a guessed person; replace only after current role is verified.,Yes
TO RESEARCH,Imprint,5,Growth / Performance Marketing Manager,Imprint,Escalation,Useful where creator media sits inside performance acquisition.,,,Open – no current person verified,2026-09-10,https://sponsorradar.com/channels/tldrdaily,Search Imprint + 'Growth / Performance Marketing Manager'. Validate current employment before messaging.,Research needed,,,Intentional research slot. Do not contact a guessed person; replace only after current role is verified.,Yes
TO RESEARCH,Skillshare,1,Head of Influencer / Creator Marketing,Skillshare,Primary buyer,Find the person who owns creator acquisition and sponsorship budget.,,,Open – no current person verified,2026-09-10,https://sponsorradar.com/channels/typeashton,Search Skillshare + 'Head of Influencer / Creator Marketing'. Validate current employment before messaging.,Research needed,,,Intentional research slot. Do not contact a guessed person; replace only after current role is verified.,Yes
TO RESEARCH,Skillshare,2,Influencer Marketing Manager,Skillshare,Primary operator,Likely day-to-day buyer/negotiator for integrations.,,,Open – no current person verified,2026-09-10,https://sponsorradar.com/channels/typeashton,Search Skillshare + 'Influencer Marketing Manager'. Validate current employment before messaging.,Research needed,,,Intentional research slot. Do not contact a guessed person; replace only after current role is verified.,Yes
TO RESEARCH,Skillshare,3,Creator Partnerships / Sponsorships Manager,Skillshare,Primary operator,Direct remit for creator deals and sponsorships.,,,Open – no current person verified,2026-09-10,https://sponsorradar.com/channels/typeashton,Search Skillshare + 'Creator Partnerships / Sponsorships Manager'. Validate current employment before messaging.,Research needed,,,Intentional research slot. Do not contact a guessed person; replace only after current role is verified.,Yes
TO RESEARCH,Skillshare,4,Partnerships / Affiliate Manager,Skillshare,Secondary buyer,Useful for hybrid paid + performance structure or internal routing.,,,Open – no current person verified,2026-09-10,https://sponsorradar.com/channels/typeashton,Search Skillshare + 'Partnerships / Affiliate Manager'. Validate current employment before messaging.,Research needed,,,Intentional research slot. Do not contact a guessed person; replace only after current role is verified.,Yes
TO RESEARCH,Skillshare,5,Growth / Performance Marketing Manager,Skillshare,Escalation,Useful where creator media sits inside performance acquisition.,,,Open – no current person verified,2026-09-10,https://sponsorradar.com/channels/typeashton,Search Skillshare + 'Growth / Performance Marketing Manager'. Validate current employment before messaging.,Research needed,,,Intentional research slot. Do not contact a guessed person; replace only after current role is verified.,Yes
TO RESEARCH,MagellanTV,1,Head of Influencer / Creator Marketing,MagellanTV,Primary buyer,Find the person who owns creator acquisition and sponsorship budget.,,,Open – no current person verified,2026-09-10,https://www.magellantv.com,Search MagellanTV + 'Head of Influencer / Creator Marketing'. Validate current employment before messaging.,Research needed,,,Intentional research slot. Do not contact a guessed person; replace only after current role is verified.,Yes
TO RESEARCH,MagellanTV,2,Influencer Marketing Manager,MagellanTV,Primary operator,Likely day-to-day buyer/negotiator for integrations.,,,Open – no current person verified,2026-09-10,https://www.magellantv.com,Search MagellanTV + 'Influencer Marketing Manager'. Validate current employment before messaging.,Research needed,,,Intentional research slot. Do not contact a guessed person; replace only after current role is verified.,Yes
TO RESEARCH,MagellanTV,3,Creator Partnerships / Sponsorships Manager,MagellanTV,Primary operator,Direct remit for creator deals and sponsorships.,,,Open – no current person verified,2026-09-10,https://www.magellantv.com,Search MagellanTV + 'Creator Partnerships / Sponsorships Manager'. Validate current employment before messaging.,Research needed,,,Intentional research slot. Do not contact a guessed person; replace only after current role is verified.,Yes
TO RESEARCH,MagellanTV,4,Partnerships / Affiliate Manager,MagellanTV,Secondary buyer,Useful for hybrid paid + performance structure or internal routing.,,,Open – no current person verified,2026-09-10,https://www.magellantv.com,Search MagellanTV + 'Partnerships / Affiliate Manager'. Validate current employment before messaging.,Research needed,,,Intentional research slot. Do not contact a guessed person; replace only after current role is verified.,Yes
TO RESEARCH,MagellanTV,5,Growth / Performance Marketing Manager,MagellanTV,Escalation,Useful where creator media sits inside performance acquisition.,,,Open – no current person verified,2026-09-10,https://www.magellantv.com,Search MagellanTV + 'Growth / Performance Marketing Manager'. Validate current employment before messaging.,Research needed,,,Intentional research slot. Do not contact a guessed person; replace only after current role is verified.,Yes
TO RESEARCH,Malwarebytes,1,Head of Influencer / Creator Marketing,Malwarebytes,Primary buyer,Find the person who owns creator acquisition and sponsorship budget.,,,Open – no current person verified,2026-09-10,https://www.malwarebytes.com,Search Malwarebytes + 'Head of Influencer / Creator Marketing'. Validate current employment before messaging.,Research needed,,,Intentional research slot. Do not contact a guessed person; replace only after current role is verified.,Yes
TO RESEARCH,Malwarebytes,2,Influencer Marketing Manager,Malwarebytes,Primary operator,Likely day-to-day buyer/negotiator for integrations.,,,Open – no current person verified,2026-09-10,https://www.malwarebytes.com,Search Malwarebytes + 'Influencer Marketing Manager'. Validate current employment before messaging.,Research needed,,,Intentional research slot. Do not contact a guessed person; replace only after current role is verified.,Yes
TO RESEARCH,Malwarebytes,3,Creator Partnerships / Sponsorships Manager,Malwarebytes,Primary operator,Direct remit for creator deals and sponsorships.,,,Open – no current person verified,2026-09-10,https://www.malwarebytes.com,Search Malwarebytes + 'Creator Partnerships / Sponsorships Manager'. Validate current employment before messaging.,Research needed,,,Intentional research slot. Do not contact a guessed person; replace only after current role is verified.,Yes
TO RESEARCH,Malwarebytes,4,Partnerships / Affiliate Manager,Malwarebytes,Secondary buyer,Useful for hybrid paid + performance structure or internal routing.,,,Open – no current person verified,2026-09-10,https://www.malwarebytes.com,Search Malwarebytes + 'Partnerships / Affiliate Manager'. Validate current employment before messaging.,Research needed,,,Intentional research slot. Do not contact a guessed person; replace only after current role is verified.,Yes
TO RESEARCH,Malwarebytes,5,Growth / Performance Marketing Manager,Malwarebytes,Escalation,Useful where creator media sits inside performance acquisition.,,,Open – no current person verified,2026-09-10,https://www.malwarebytes.com,Search Malwarebytes + 'Growth / Performance Marketing Manager'. Validate current employment before messaging.,Research needed,,,Intentional research slot. Do not contact a guessed person; replace only after current role is verified.,Yes
TO RESEARCH,Yubico / YubiKey,1,Head of Influencer / Creator Marketing,Yubico / YubiKey,Primary buyer,Find the person who owns creator acquisition and sponsorship budget.,,,Open – no current person verified,2026-09-10,https://www.yubico.com,Search Yubico / YubiKey + 'Head of Influencer / Creator Marketing'. Validate current employment before messaging.,Research needed,,,Intentional research slot. Do not contact a guessed person; replace only after current role is verified.,Yes
TO RESEARCH,Yubico / YubiKey,2,Influencer Marketing Manager,Yubico / YubiKey,Primary operator,Likely day-to-day buyer/negotiator for integrations.,,,Open – no current person verified,2026-09-10,https://www.yubico.com,Search Yubico / YubiKey + 'Influencer Marketing Manager'. Validate current employment before messaging.,Research needed,,,Intentional research slot. Do not contact a guessed person; replace only after current role is verified.,Yes
TO RESEARCH,Yubico / YubiKey,3,Creator Partnerships / Sponsorships Manager,Yubico / YubiKey,Primary operator,Direct remit for creator deals and sponsorships.,,,Open – no current person verified,2026-09-10,https://www.yubico.com,Search Yubico / YubiKey + 'Creator Partnerships / Sponsorships Manager'. Validate current employment before messaging.,Research needed,,,Intentional research slot. Do not contact a guessed person; replace only after current role is verified.,Yes
TO RESEARCH,Yubico / YubiKey,4,Partnerships / Affiliate Manager,Yubico / YubiKey,Secondary buyer,Useful for hybrid paid + performance structure or internal routing.,,,Open – no current person verified,2026-09-10,https://www.yubico.com,Search Yubico / YubiKey + 'Partnerships / Affiliate Manager'. Validate current employment before messaging.,Research needed,,,Intentional research slot. Do not contact a guessed person; replace only after current role is verified.,Yes
TO RESEARCH,Yubico / YubiKey,5,Growth / Performance Marketing Manager,Yubico / YubiKey,Escalation,Useful where creator media sits inside performance acquisition.,,,Open – no current person verified,2026-09-10,https://www.yubico.com,Search Yubico / YubiKey + 'Growth / Performance Marketing Manager'. Validate current employment before messaging.,Research needed,,,Intentional research slot. Do not contact a guessed person; replace only after current role is verified.,Yes
TO RESEARCH,Supremacy 1914,1,Head of Influencer / Creator Marketing,Supremacy 1914,Primary buyer,Find the person who owns creator acquisition and sponsorship budget.,,,Open – no current person verified,2026-09-10,https://sponsorradar.com/channels/kingsandgenerals,Search Supremacy 1914 + 'Head of Influencer / Creator Marketing'. Validate current employment before messaging.,Research needed,,,Intentional research slot. Do not contact a guessed person; replace only after current role is verified.,Yes
TO RESEARCH,Supremacy 1914,2,Influencer Marketing Manager,Supremacy 1914,Primary operator,Likely day-to-day buyer/negotiator for integrations.,,,Open – no current person verified,2026-09-10,https://sponsorradar.com/channels/kingsandgenerals,Search Supremacy 1914 + 'Influencer Marketing Manager'. Validate current employment before messaging.,Research needed,,,Intentional research slot. Do not contact a guessed person; replace only after current role is verified.,Yes
TO RESEARCH,Supremacy 1914,3,Creator Partnerships / Sponsorships Manager,Supremacy 1914,Primary operator,Direct remit for creator deals and sponsorships.,,,Open – no current person verified,2026-09-10,https://sponsorradar.com/channels/kingsandgenerals,Search Supremacy 1914 + 'Creator Partnerships / Sponsorships Manager'. Validate current employment before messaging.,Research needed,,,Intentional research slot. Do not contact a guessed person; replace only after current role is verified.,Yes
TO RESEARCH,Supremacy 1914,4,Partnerships / Affiliate Manager,Supremacy 1914,Secondary buyer,Useful for hybrid paid + performance structure or internal routing.,,,Open – no current person verified,2026-09-10,https://sponsorradar.com/channels/kingsandgenerals,Search Supremacy 1914 + 'Partnerships / Affiliate Manager'. Validate current employment before messaging.,Research needed,,,Intentional research slot. Do not contact a guessed person; replace only after current role is verified.,Yes
TO RESEARCH,Supremacy 1914,5,Growth / Performance Marketing Manager,Supremacy 1914,Escalation,Useful where creator media sits inside performance acquisition.,,,Open – no current person verified,2026-09-10,https://sponsorradar.com/channels/kingsandgenerals,Search Supremacy 1914 + 'Growth / Performance Marketing Manager'. Validate current employment before messaging.,Research needed,,,Intentional research slot. Do not contact a guessed person; replace only after current role is verified.,Yes
TO RESEARCH,Reolink,1,Head of Influencer / Creator Marketing,Reolink,Primary buyer,Find the person who owns creator acquisition and sponsorship budget.,,,Open – no current person verified,2026-09-10,https://reolink.com,Search Reolink + 'Head of Influencer / Creator Marketing'. Validate current employment before messaging.,Research needed,,,Intentional research slot. Do not contact a guessed person; replace only after current role is verified.,Yes
TO RESEARCH,Reolink,2,Influencer Marketing Manager,Reolink,Primary operator,Likely day-to-day buyer/negotiator for integrations.,,,Open – no current person verified,2026-09-10,https://reolink.com,Search Reolink + 'Influencer Marketing Manager'. Validate current employment before messaging.,Research needed,,,Intentional research slot. Do not contact a guessed person; replace only after current role is verified.,Yes
TO RESEARCH,Reolink,3,Creator Partnerships / Sponsorships Manager,Reolink,Primary operator,Direct remit for creator deals and sponsorships.,,,Open – no current person verified,2026-09-10,https://reolink.com,Search Reolink + 'Creator Partnerships / Sponsorships Manager'. Validate current employment before messaging.,Research needed,,,Intentional research slot. Do not contact a guessed person; replace only after current role is verified.,Yes
TO RESEARCH,Reolink,4,Partnerships / Affiliate Manager,Reolink,Secondary buyer,Useful for hybrid paid + performance structure or internal routing.,,,Open – no current person verified,2026-09-10,https://reolink.com,Search Reolink + 'Partnerships / Affiliate Manager'. Validate current employment before messaging.,Research needed,,,Intentional research slot. Do not contact a guessed person; replace only after current role is verified.,Yes
TO RESEARCH,Reolink,5,Growth / Performance Marketing Manager,Reolink,Escalation,Useful where creator media sits inside performance acquisition.,,,Open – no current person verified,2026-09-10,https://reolink.com,Search Reolink + 'Growth / Performance Marketing Manager'. Validate current employment before messaging.,Research needed,,,Intentional research slot. Do not contact a guessed person; replace only after current role is verified.,Yes
TO RESEARCH,Shortform,1,Head of Influencer / Creator Marketing,Shortform,Primary buyer,Find the person who owns creator acquisition and sponsorship budget.,,,Open – no current person verified,2026-09-10,https://sponsorradar.com/channels/thecloserlook,Search Shortform + 'Head of Influencer / Creator Marketing'. Validate current employment before messaging.,Research needed,,,Intentional research slot. Do not contact a guessed person; replace only after current role is verified.,Yes
TO RESEARCH,Shortform,2,Influencer Marketing Manager,Shortform,Primary operator,Likely day-to-day buyer/negotiator for integrations.,,,Open – no current person verified,2026-09-10,https://sponsorradar.com/channels/thecloserlook,Search Shortform + 'Influencer Marketing Manager'. Validate current employment before messaging.,Research needed,,,Intentional research slot. Do not contact a guessed person; replace only after current role is verified.,Yes
TO RESEARCH,Shortform,3,Creator Partnerships / Sponsorships Manager,Shortform,Primary operator,Direct remit for creator deals and sponsorships.,,,Open – no current person verified,2026-09-10,https://sponsorradar.com/channels/thecloserlook,Search Shortform + 'Creator Partnerships / Sponsorships Manager'. Validate current employment before messaging.,Research needed,,,Intentional research slot. Do not contact a guessed person; replace only after current role is verified.,Yes
TO RESEARCH,Shortform,4,Partnerships / Affiliate Manager,Shortform,Secondary buyer,Useful for hybrid paid + performance structure or internal routing.,,,Open – no current person verified,2026-09-10,https://sponsorradar.com/channels/thecloserlook,Search Shortform + 'Partnerships / Affiliate Manager'. Validate current employment before messaging.,Research needed,,,Intentional research slot. Do not contact a guessed person; replace only after current role is verified.,Yes
TO RESEARCH,Shortform,5,Growth / Performance Marketing Manager,Shortform,Escalation,Useful where creator media sits inside performance acquisition.,,,Open – no current person verified,2026-09-10,https://sponsorradar.com/channels/thecloserlook,Search Shortform + 'Growth / Performance Marketing Manager'. Validate current employment before messaging.,Research needed,,,Intentional research slot. Do not contact a guessed person; replace only after current role is verified.,Yes
TO RESEARCH,Qustodio,1,Head of Influencer / Creator Marketing,Qustodio,Primary buyer,Find the person who owns creator acquisition and sponsorship budget.,,,Open – no current person verified,2026-09-10,https://sponsorradar.com/channels/cybernews,Search Qustodio + 'Head of Influencer / Creator Marketing'. Validate current employment before messaging.,Research needed,,,Intentional research slot. Do not contact a guessed person; replace only after current role is verified.,Yes
TO RESEARCH,Qustodio,2,Influencer Marketing Manager,Qustodio,Primary operator,Likely day-to-day buyer/negotiator for integrations.,,,Open – no current person verified,2026-09-10,https://sponsorradar.com/channels/cybernews,Search Qustodio + 'Influencer Marketing Manager'. Validate current employment before messaging.,Research needed,,,Intentional research slot. Do not contact a guessed person; replace only after current role is verified.,Yes
TO RESEARCH,Qustodio,3,Creator Partnerships / Sponsorships Manager,Qustodio,Primary operator,Direct remit for creator deals and sponsorships.,,,Open – no current person verified,2026-09-10,https://sponsorradar.com/channels/cybernews,Search Qustodio + 'Creator Partnerships / Sponsorships Manager'. Validate current employment before messaging.,Research needed,,,Intentional research slot. Do not contact a guessed person; replace only after current role is verified.,Yes
TO RESEARCH,Qustodio,4,Partnerships / Affiliate Manager,Qustodio,Secondary buyer,Useful for hybrid paid + performance structure or internal routing.,,,Open – no current person verified,2026-09-10,https://sponsorradar.com/channels/cybernews,Search Qustodio + 'Partnerships / Affiliate Manager'. Validate current employment before messaging.,Research needed,,,Intentional research slot. Do not contact a guessed person; replace only after current role is verified.,Yes
TO RESEARCH,Qustodio,5,Growth / Performance Marketing Manager,Qustodio,Escalation,Useful where creator media sits inside performance acquisition.,,,Open – no current person verified,2026-09-10,https://sponsorradar.com/channels/cybernews,Search Qustodio + 'Growth / Performance Marketing Manager'. Validate current employment before messaging.,Research needed,,,Intentional research slot. Do not contact a guessed person; replace only after current role is verified.,Yes
TO RESEARCH,VEED,1,Head of Influencer / Creator Marketing,VEED,Primary buyer,Find the person who owns creator acquisition and sponsorship budget.,,,Open – no current person verified,2026-09-10,https://sponsorradar.com/channels/cybernews,Search VEED + 'Head of Influencer / Creator Marketing'. Validate current employment before messaging.,Research needed,,,Intentional research slot. Do not contact a guessed person; replace only after current role is verified.,Yes
TO RESEARCH,VEED,2,Influencer Marketing Manager,VEED,Primary operator,Likely day-to-day buyer/negotiator for integrations.,,,Open – no current person verified,2026-09-10,https://sponsorradar.com/channels/cybernews,Search VEED + 'Influencer Marketing Manager'. Validate current employment before messaging.,Research needed,,,Intentional research slot. Do not contact a guessed person; replace only after current role is verified.,Yes
TO RESEARCH,VEED,3,Creator Partnerships / Sponsorships Manager,VEED,Primary operator,Direct remit for creator deals and sponsorships.,,,Open – no current person verified,2026-09-10,https://sponsorradar.com/channels/cybernews,Search VEED + 'Creator Partnerships / Sponsorships Manager'. Validate current employment before messaging.,Research needed,,,Intentional research slot. Do not contact a guessed person; replace only after current role is verified.,Yes
TO RESEARCH,VEED,4,Partnerships / Affiliate Manager,VEED,Secondary buyer,Useful for hybrid paid + performance structure or internal routing.,,,Open – no current person verified,2026-09-10,https://sponsorradar.com/channels/cybernews,Search VEED + 'Partnerships / Affiliate Manager'. Validate current employment before messaging.,Research needed,,,Intentional research slot. Do not contact a guessed person; replace only after current role is verified.,Yes
TO RESEARCH,VEED,5,Growth / Performance Marketing Manager,VEED,Escalation,Useful where creator media sits inside performance acquisition.,,,Open – no current person verified,2026-09-10,https://sponsorradar.com/channels/cybernews,Search VEED + 'Growth / Performance Marketing Manager'. Validate current employment before messaging.,Research needed,,,Intentional research slot. Do not contact a guessed person; replace only after current role is verified.,Yes
TO RESEARCH,Planet Wild,1,Head of Influencer / Creator Marketing,Planet Wild,Primary buyer,Find the person who owns creator acquisition and sponsorship budget.,,,Open – no current person verified,2026-09-10,https://sponsorradar.com/channels/typeashton,Search Planet Wild + 'Head of Influencer / Creator Marketing'. Validate current employment before messaging.,Research needed,,,Intentional research slot. Do not contact a guessed person; replace only after current role is verified.,Yes
TO RESEARCH,Planet Wild,2,Influencer Marketing Manager,Planet Wild,Primary operator,Likely day-to-day buyer/negotiator for integrations.,,,Open – no current person verified,2026-09-10,https://sponsorradar.com/channels/typeashton,Search Planet Wild + 'Influencer Marketing Manager'. Validate current employment before messaging.,Research needed,,,Intentional research slot. Do not contact a guessed person; replace only after current role is verified.,Yes
TO RESEARCH,Planet Wild,3,Creator Partnerships / Sponsorships Manager,Planet Wild,Primary operator,Direct remit for creator deals and sponsorships.,,,Open – no current person verified,2026-09-10,https://sponsorradar.com/channels/typeashton,Search Planet Wild + 'Creator Partnerships / Sponsorships Manager'. Validate current employment before messaging.,Research needed,,,Intentional research slot. Do not contact a guessed person; replace only after current role is verified.,Yes
TO RESEARCH,Planet Wild,4,Partnerships / Affiliate Manager,Planet Wild,Secondary buyer,Useful for hybrid paid + performance structure or internal routing.,,,Open – no current person verified,2026-09-10,https://sponsorradar.com/channels/typeashton,Search Planet Wild + 'Partnerships / Affiliate Manager'. Validate current employment before messaging.,Research needed,,,Intentional research slot. Do not contact a guessed person; replace only after current role is verified.,Yes
TO RESEARCH,Planet Wild,5,Growth / Performance Marketing Manager,Planet Wild,Escalation,Useful where creator media sits inside performance acquisition.,,,Open – no current person verified,2026-09-10,https://sponsorradar.com/channels/typeashton,Search Planet Wild + 'Growth / Performance Marketing Manager'. Validate current employment before messaging.,Research needed,,,Intentional research slot. Do not contact a guessed person; replace only after current role is verified.,Yes
TO RESEARCH,Airalo,1,Head of Influencer / Creator Marketing,Airalo,Primary buyer,Find the person who owns creator acquisition and sponsorship budget.,,,Open – no current person verified,2026-09-10,https://www.airalo.com,Search Airalo + 'Head of Influencer / Creator Marketing'. Validate current employment before messaging.,Research needed,,,Intentional research slot. Do not contact a guessed person; replace only after current role is verified.,Yes
TO RESEARCH,Airalo,2,Influencer Marketing Manager,Airalo,Primary operator,Likely day-to-day buyer/negotiator for integrations.,,,Open – no current person verified,2026-09-10,https://www.airalo.com,Search Airalo + 'Influencer Marketing Manager'. Validate current employment before messaging.,Research needed,,,Intentional research slot. Do not contact a guessed person; replace only after current role is verified.,Yes
TO RESEARCH,Airalo,3,Creator Partnerships / Sponsorships Manager,Airalo,Primary operator,Direct remit for creator deals and sponsorships.,,,Open – no current person verified,2026-09-10,https://www.airalo.com,Search Airalo + 'Creator Partnerships / Sponsorships Manager'. Validate current employment before messaging.,Research needed,,,Intentional research slot. Do not contact a guessed person; replace only after current role is verified.,Yes
TO RESEARCH,Airalo,4,Partnerships / Affiliate Manager,Airalo,Secondary buyer,Useful for hybrid paid + performance structure or internal routing.,,,Open – no current person verified,2026-09-10,https://www.airalo.com,Search Airalo + 'Partnerships / Affiliate Manager'. Validate current employment before messaging.,Research needed,,,Intentional research slot. Do not contact a guessed person; replace only after current role is verified.,Yes
TO RESEARCH,Airalo,5,Growth / Performance Marketing Manager,Airalo,Escalation,Useful where creator media sits inside performance acquisition.,,,Open – no current person verified,2026-09-10,https://www.airalo.com,Search Airalo + 'Growth / Performance Marketing Manager'. Validate current employment before messaging.,Research needed,,,Intentional research slot. Do not contact a guessed person; replace only after current role is verified.,Yes
TO RESEARCH,Holafly,1,Head of Influencer / Creator Marketing,Holafly,Primary buyer,Find the person who owns creator acquisition and sponsorship budget.,,,Open – no current person verified,2026-09-10,https://esim.holafly.com,Search Holafly + 'Head of Influencer / Creator Marketing'. Validate current employment before messaging.,Research needed,,,Intentional research slot. Do not contact a guessed person; replace only after current role is verified.,Yes
TO RESEARCH,Holafly,2,Influencer Marketing Manager,Holafly,Primary operator,Likely day-to-day buyer/negotiator for integrations.,,,Open – no current person verified,2026-09-10,https://esim.holafly.com,Search Holafly + 'Influencer Marketing Manager'. Validate current employment before messaging.,Research needed,,,Intentional research slot. Do not contact a guessed person; replace only after current role is verified.,Yes
TO RESEARCH,Holafly,3,Creator Partnerships / Sponsorships Manager,Holafly,Primary operator,Direct remit for creator deals and sponsorships.,,,Open – no current person verified,2026-09-10,https://esim.holafly.com,Search Holafly + 'Creator Partnerships / Sponsorships Manager'. Validate current employment before messaging.,Research needed,,,Intentional research slot. Do not contact a guessed person; replace only after current role is verified.,Yes
TO RESEARCH,Holafly,4,Partnerships / Affiliate Manager,Holafly,Secondary buyer,Useful for hybrid paid + performance structure or internal routing.,,,Open – no current person verified,2026-09-10,https://esim.holafly.com,Search Holafly + 'Partnerships / Affiliate Manager'. Validate current employment before messaging.,Research needed,,,Intentional research slot. Do not contact a guessed person; replace only after current role is verified.,Yes
TO RESEARCH,Holafly,5,Growth / Performance Marketing Manager,Holafly,Escalation,Useful where creator media sits inside performance acquisition.,,,Open – no current person verified,2026-09-10,https://esim.holafly.com,Search Holafly + 'Growth / Performance Marketing Manager'. Validate current employment before messaging.,Research needed,,,Intentional research slot. Do not contact a guessed person; replace only after current role is verified.,Yes
TO RESEARCH,RoboForm,1,Head of Influencer / Creator Marketing,RoboForm,Primary buyer,Find the person who owns creator acquisition and sponsorship budget.,,,Open – no current person verified,2026-09-10,https://sponsorradar.com/channels/cybernews,Search RoboForm + 'Head of Influencer / Creator Marketing'. Validate current employment before messaging.,Research needed,,,Intentional research slot. Do not contact a guessed person; replace only after current role is verified.,Yes
TO RESEARCH,RoboForm,2,Influencer Marketing Manager,RoboForm,Primary operator,Likely day-to-day buyer/negotiator for integrations.,,,Open – no current person verified,2026-09-10,https://sponsorradar.com/channels/cybernews,Search RoboForm + 'Influencer Marketing Manager'. Validate current employment before messaging.,Research needed,,,Intentional research slot. Do not contact a guessed person; replace only after current role is verified.,Yes
TO RESEARCH,RoboForm,3,Creator Partnerships / Sponsorships Manager,RoboForm,Primary operator,Direct remit for creator deals and sponsorships.,,,Open – no current person verified,2026-09-10,https://sponsorradar.com/channels/cybernews,Search RoboForm + 'Creator Partnerships / Sponsorships Manager'. Validate current employment before messaging.,Research needed,,,Intentional research slot. Do not contact a guessed person; replace only after current role is verified.,Yes
TO RESEARCH,RoboForm,4,Partnerships / Affiliate Manager,RoboForm,Secondary buyer,Useful for hybrid paid + performance structure or internal routing.,,,Open – no current person verified,2026-09-10,https://sponsorradar.com/channels/cybernews,Search RoboForm + 'Partnerships / Affiliate Manager'. Validate current employment before messaging.,Research needed,,,Intentional research slot. Do not contact a guessed person; replace only after current role is verified.,Yes
TO RESEARCH,RoboForm,5,Growth / Performance Marketing Manager,RoboForm,Escalation,Useful where creator media sits inside performance acquisition.,,,Open – no current person verified,2026-09-10,https://sponsorradar.com/channels/cybernews,Search RoboForm + 'Growth / Performance Marketing Manager'. Validate current employment before messaging.,Research needed,,,Intentional research slot. Do not contact a guessed person; replace only after current role is verified.,Yes
TO RESEARCH,Squarespace,1,Head of Influencer / Creator Marketing,Squarespace,Primary buyer,Find the person who owns creator acquisition and sponsorship budget.,,,Open – no current person verified,2026-09-10,https://sponsorradar.com/channels/cybernews,Search Squarespace + 'Head of Influencer / Creator Marketing'. Validate current employment before messaging.,Research needed,,,Intentional research slot. Do not contact a guessed person; replace only after current role is verified.,Yes
TO RESEARCH,Squarespace,2,Influencer Marketing Manager,Squarespace,Primary operator,Likely day-to-day buyer/negotiator for integrations.,,,Open – no current person verified,2026-09-10,https://sponsorradar.com/channels/cybernews,Search Squarespace + 'Influencer Marketing Manager'. Validate current employment before messaging.,Research needed,,,Intentional research slot. Do not contact a guessed person; replace only after current role is verified.,Yes
TO RESEARCH,Squarespace,3,Creator Partnerships / Sponsorships Manager,Squarespace,Primary operator,Direct remit for creator deals and sponsorships.,,,Open – no current person verified,2026-09-10,https://sponsorradar.com/channels/cybernews,Search Squarespace + 'Creator Partnerships / Sponsorships Manager'. Validate current employment before messaging.,Research needed,,,Intentional research slot. Do not contact a guessed person; replace only after current role is verified.,Yes
TO RESEARCH,Squarespace,4,Partnerships / Affiliate Manager,Squarespace,Secondary buyer,Useful for hybrid paid + performance structure or internal routing.,,,Open – no current person verified,2026-09-10,https://sponsorradar.com/channels/cybernews,Search Squarespace + 'Partnerships / Affiliate Manager'. Validate current employment before messaging.,Research needed,,,Intentional research slot. Do not contact a guessed person; replace only after current role is verified.,Yes
TO RESEARCH,Squarespace,5,Growth / Performance Marketing Manager,Squarespace,Escalation,Useful where creator media sits inside performance acquisition.,,,Open – no current person verified,2026-09-10,https://sponsorradar.com/channels/cybernews,Search Squarespace + 'Growth / Performance Marketing Manager'. Validate current employment before messaging.,Research needed,,,Intentional research slot. Do not contact a guessed person; replace only after current role is verified.,Yes
TO RESEARCH,Shopify,1,Head of Influencer / Creator Marketing,Shopify,Primary buyer,Find the person who owns creator acquisition and sponsorship budget.,,,Open – no current person verified,2026-09-10,https://sponsorradar.com/channels/whataboutit,Search Shopify + 'Head of Influencer / Creator Marketing'. Validate current employment before messaging.,Research needed,,,Intentional research slot. Do not contact a guessed person; replace only after current role is verified.,Yes
TO RESEARCH,Shopify,2,Influencer Marketing Manager,Shopify,Primary operator,Likely day-to-day buyer/negotiator for integrations.,,,Open – no current person verified,2026-09-10,https://sponsorradar.com/channels/whataboutit,Search Shopify + 'Influencer Marketing Manager'. Validate current employment before messaging.,Research needed,,,Intentional research slot. Do not contact a guessed person; replace only after current role is verified.,Yes
TO RESEARCH,Shopify,3,Creator Partnerships / Sponsorships Manager,Shopify,Primary operator,Direct remit for creator deals and sponsorships.,,,Open – no current person verified,2026-09-10,https://sponsorradar.com/channels/whataboutit,Search Shopify + 'Creator Partnerships / Sponsorships Manager'. Validate current employment before messaging.,Research needed,,,Intentional research slot. Do not contact a guessed person; replace only after current role is verified.,Yes
TO RESEARCH,Shopify,4,Partnerships / Affiliate Manager,Shopify,Secondary buyer,Useful for hybrid paid + performance structure or internal routing.,,,Open – no current person verified,2026-09-10,https://sponsorradar.com/channels/whataboutit,Search Shopify + 'Partnerships / Affiliate Manager'. Validate current employment before messaging.,Research needed,,,Intentional research slot. Do not contact a guessed person; replace only after current role is verified.,Yes
TO RESEARCH,Shopify,5,Growth / Performance Marketing Manager,Shopify,Escalation,Useful where creator media sits inside performance acquisition.,,,Open – no current person verified,2026-09-10,https://sponsorradar.com/channels/whataboutit,Search Shopify + 'Growth / Performance Marketing Manager'. Validate current employment before messaging.,Research needed,,,Intentional research slot. Do not contact a guessed person; replace only after current role is verified.,Yes
TO RESEARCH,FlexiSpot,1,Head of Influencer / Creator Marketing,FlexiSpot,Primary buyer,Find the person who owns creator acquisition and sponsorship budget.,,,Open – no current person verified,2026-09-10,https://sponsorradar.com/channels/whataboutit,Search FlexiSpot + 'Head of Influencer / Creator Marketing'. Validate current employment before messaging.,Research needed,,,Intentional research slot. Do not contact a guessed person; replace only after current role is verified.,Yes
TO RESEARCH,FlexiSpot,2,Influencer Marketing Manager,FlexiSpot,Primary operator,Likely day-to-day buyer/negotiator for integrations.,,,Open – no current person verified,2026-09-10,https://sponsorradar.com/channels/whataboutit,Search FlexiSpot + 'Influencer Marketing Manager'. Validate current employment before messaging.,Research needed,,,Intentional research slot. Do not contact a guessed person; replace only after current role is verified.,Yes
TO RESEARCH,FlexiSpot,3,Creator Partnerships / Sponsorships Manager,FlexiSpot,Primary operator,Direct remit for creator deals and sponsorships.,,,Open – no current person verified,2026-09-10,https://sponsorradar.com/channels/whataboutit,Search FlexiSpot + 'Creator Partnerships / Sponsorships Manager'. Validate current employment before messaging.,Research needed,,,Intentional research slot. Do not contact a guessed person; replace only after current role is verified.,Yes
TO RESEARCH,FlexiSpot,4,Partnerships / Affiliate Manager,FlexiSpot,Secondary buyer,Useful for hybrid paid + performance structure or internal routing.,,,Open – no current person verified,2026-09-10,https://sponsorradar.com/channels/whataboutit,Search FlexiSpot + 'Partnerships / Affiliate Manager'. Validate current employment before messaging.,Research needed,,,Intentional research slot. Do not contact a guessed person; replace only after current role is verified.,Yes
TO RESEARCH,FlexiSpot,5,Growth / Performance Marketing Manager,FlexiSpot,Escalation,Useful where creator media sits inside performance acquisition.,,,Open – no current person verified,2026-09-10,https://sponsorradar.com/channels/whataboutit,Search FlexiSpot + 'Growth / Performance Marketing Manager'. Validate current employment before messaging.,Research needed,,,Intentional research slot. Do not contact a guessed person; replace only after current role is verified.,Yes
TO RESEARCH,dbrand,1,Head of Influencer / Creator Marketing,dbrand,Primary buyer,Find the person who owns creator acquisition and sponsorship budget.,,,Open – no current person verified,2026-09-10,https://sponsorradar.com/channels/taskandpurpose,Search dbrand + 'Head of Influencer / Creator Marketing'. Validate current employment before messaging.,Research needed,,,Intentional research slot. Do not contact a guessed person; replace only after current role is verified.,Yes
TO RESEARCH,dbrand,2,Influencer Marketing Manager,dbrand,Primary operator,Likely day-to-day buyer/negotiator for integrations.,,,Open – no current person verified,2026-09-10,https://sponsorradar.com/channels/taskandpurpose,Search dbrand + 'Influencer Marketing Manager'. Validate current employment before messaging.,Research needed,,,Intentional research slot. Do not contact a guessed person; replace only after current role is verified.,Yes
TO RESEARCH,dbrand,3,Creator Partnerships / Sponsorships Manager,dbrand,Primary operator,Direct remit for creator deals and sponsorships.,,,Open – no current person verified,2026-09-10,https://sponsorradar.com/channels/taskandpurpose,Search dbrand + 'Creator Partnerships / Sponsorships Manager'. Validate current employment before messaging.,Research needed,,,Intentional research slot. Do not contact a guessed person; replace only after current role is verified.,Yes
TO RESEARCH,dbrand,4,Partnerships / Affiliate Manager,dbrand,Secondary buyer,Useful for hybrid paid + performance structure or internal routing.,,,Open – no current person verified,2026-09-10,https://sponsorradar.com/channels/taskandpurpose,Search dbrand + 'Partnerships / Affiliate Manager'. Validate current employment before messaging.,Research needed,,,Intentional research slot. Do not contact a guessed person; replace only after current role is verified.,Yes
TO RESEARCH,dbrand,5,Growth / Performance Marketing Manager,dbrand,Escalation,Useful where creator media sits inside performance acquisition.,,,Open – no current person verified,2026-09-10,https://sponsorradar.com/channels/taskandpurpose,Search dbrand + 'Growth / Performance Marketing Manager'. Validate current employment before messaging.,Research needed,,,Intentional research slot. Do not contact a guessed person; replace only after current role is verified.,Yes
TO RESEARCH,Factor,1,Head of Influencer / Creator Marketing,Factor,Primary buyer,Find the person who owns creator acquisition and sponsorship budget.,,,Open – no current person verified,2026-09-10,https://sponsorradar.com/channels/covertcabal,Search Factor + 'Head of Influencer / Creator Marketing'. Validate current employment before messaging.,Research needed,,,Intentional research slot. Do not contact a guessed person; replace only after current role is verified.,Yes
TO RESEARCH,Factor,2,Influencer Marketing Manager,Factor,Primary operator,Likely day-to-day buyer/negotiator for integrations.,,,Open – no current person verified,2026-09-10,https://sponsorradar.com/channels/covertcabal,Search Factor + 'Influencer Marketing Manager'. Validate current employment before messaging.,Research needed,,,Intentional research slot. Do not contact a guessed person; replace only after current role is verified.,Yes
TO RESEARCH,Factor,3,Creator Partnerships / Sponsorships Manager,Factor,Primary operator,Direct remit for creator deals and sponsorships.,,,Open – no current person verified,2026-09-10,https://sponsorradar.com/channels/covertcabal,Search Factor + 'Creator Partnerships / Sponsorships Manager'. Validate current employment before messaging.,Research needed,,,Intentional research slot. Do not contact a guessed person; replace only after current role is verified.,Yes
TO RESEARCH,Factor,4,Partnerships / Affiliate Manager,Factor,Secondary buyer,Useful for hybrid paid + performance structure or internal routing.,,,Open – no current person verified,2026-09-10,https://sponsorradar.com/channels/covertcabal,Search Factor + 'Partnerships / Affiliate Manager'. Validate current employment before messaging.,Research needed,,,Intentional research slot. Do not contact a guessed person; replace only after current role is verified.,Yes
TO RESEARCH,Factor,5,Growth / Performance Marketing Manager,Factor,Escalation,Useful where creator media sits inside performance acquisition.,,,Open – no current person verified,2026-09-10,https://sponsorradar.com/channels/covertcabal,Search Factor + 'Growth / Performance Marketing Manager'. Validate current employment before messaging.,Research needed,,,Intentional research slot. Do not contact a guessed person; replace only after current role is verified.,Yes
TO RESEARCH,HelloFresh,1,Head of Influencer / Creator Marketing,HelloFresh,Primary buyer,Find the person who owns creator acquisition and sponsorship budget.,,,Open – no current person verified,2026-09-10,https://sponsorradar.com/channels/covertcabal,Search HelloFresh + 'Head of Influencer / Creator Marketing'. Validate current employment before messaging.,Research needed,,,Intentional research slot. Do not contact a guessed person; replace only after current role is verified.,Yes
TO RESEARCH,HelloFresh,2,Influencer Marketing Manager,HelloFresh,Primary operator,Likely day-to-day buyer/negotiator for integrations.,,,Open – no current person verified,2026-09-10,https://sponsorradar.com/channels/covertcabal,Search HelloFresh + 'Influencer Marketing Manager'. Validate current employment before messaging.,Research needed,,,Intentional research slot. Do not contact a guessed person; replace only after current role is verified.,Yes
TO RESEARCH,HelloFresh,3,Creator Partnerships / Sponsorships Manager,HelloFresh,Primary operator,Direct remit for creator deals and sponsorships.,,,Open – no current person verified,2026-09-10,https://sponsorradar.com/channels/covertcabal,Search HelloFresh + 'Creator Partnerships / Sponsorships Manager'. Validate current employment before messaging.,Research needed,,,Intentional research slot. Do not contact a guessed person; replace only after current role is verified.,Yes
TO RESEARCH,HelloFresh,4,Partnerships / Affiliate Manager,HelloFresh,Secondary buyer,Useful for hybrid paid + performance structure or internal routing.,,,Open – no current person verified,2026-09-10,https://sponsorradar.com/channels/covertcabal,Search HelloFresh + 'Partnerships / Affiliate Manager'. Validate current employment before messaging.,Research needed,,,Intentional research slot. Do not contact a guessed person; replace only after current role is verified.,Yes
TO RESEARCH,HelloFresh,5,Growth / Performance Marketing Manager,HelloFresh,Escalation,Useful where creator media sits inside performance acquisition.,,,Open – no current person verified,2026-09-10,https://sponsorradar.com/channels/covertcabal,Search HelloFresh + 'Growth / Performance Marketing Manager'. Validate current employment before messaging.,Research needed,,,Intentional research slot. Do not contact a guessed person; replace only after current role is verified.,Yes
TO RESEARCH,Call of War,1,Head of Influencer / Creator Marketing,Call of War,Primary buyer,Find the person who owns creator acquisition and sponsorship budget.,,,Open – no current person verified,2026-09-10,https://www.callofwar.com,Search Call of War + 'Head of Influencer / Creator Marketing'. Validate current employment before messaging.,Research needed,,,Intentional research slot. Do not contact a guessed person; replace only after current role is verified.,Yes
TO RESEARCH,Call of War,2,Influencer Marketing Manager,Call of War,Primary operator,Likely day-to-day buyer/negotiator for integrations.,,,Open – no current person verified,2026-09-10,https://www.callofwar.com,Search Call of War + 'Influencer Marketing Manager'. Validate current employment before messaging.,Research needed,,,Intentional research slot. Do not contact a guessed person; replace only after current role is verified.,Yes
TO RESEARCH,Call of War,3,Creator Partnerships / Sponsorships Manager,Call of War,Primary operator,Direct remit for creator deals and sponsorships.,,,Open – no current person verified,2026-09-10,https://www.callofwar.com,Search Call of War + 'Creator Partnerships / Sponsorships Manager'. Validate current employment before messaging.,Research needed,,,Intentional research slot. Do not contact a guessed person; replace only after current role is verified.,Yes
TO RESEARCH,Call of War,4,Partnerships / Affiliate Manager,Call of War,Secondary buyer,Useful for hybrid paid + performance structure or internal routing.,,,Open – no current person verified,2026-09-10,https://www.callofwar.com,Search Call of War + 'Partnerships / Affiliate Manager'. Validate current employment before messaging.,Research needed,,,Intentional research slot. Do not contact a guessed person; replace only after current role is verified.,Yes
TO RESEARCH,Call of War,5,Growth / Performance Marketing Manager,Call of War,Escalation,Useful where creator media sits inside performance acquisition.,,,Open – no current person verified,2026-09-10,https://www.callofwar.com,Search Call of War + 'Growth / Performance Marketing Manager'. Validate current employment before messaging.,Research needed,,,Intentional research slot. Do not contact a guessed person; replace only after current role is verified.,Yes
TO RESEARCH,Enlisted (Gaijin),1,Head of Influencer / Creator Marketing,Enlisted (Gaijin),Primary buyer,Find the person who owns creator acquisition and sponsorship budget.,,,Open – no current person verified,2026-09-10,https://enlisted.net,Search Enlisted (Gaijin) + 'Head of Influencer / Creator Marketing'. Validate current employment before messaging.,Research needed,,,Intentional research slot. Do not contact a guessed person; replace only after current role is verified.,Yes
TO RESEARCH,Enlisted (Gaijin),2,Influencer Marketing Manager,Enlisted (Gaijin),Primary operator,Likely day-to-day buyer/negotiator for integrations.,,,Open – no current person verified,2026-09-10,https://enlisted.net,Search Enlisted (Gaijin) + 'Influencer Marketing Manager'. Validate current employment before messaging.,Research needed,,,Intentional research slot. Do not contact a guessed person; replace only after current role is verified.,Yes
TO RESEARCH,Enlisted (Gaijin),3,Creator Partnerships / Sponsorships Manager,Enlisted (Gaijin),Primary operator,Direct remit for creator deals and sponsorships.,,,Open – no current person verified,2026-09-10,https://enlisted.net,Search Enlisted (Gaijin) + 'Creator Partnerships / Sponsorships Manager'. Validate current employment before messaging.,Research needed,,,Intentional research slot. Do not contact a guessed person; replace only after current role is verified.,Yes
TO RESEARCH,Enlisted (Gaijin),4,Partnerships / Affiliate Manager,Enlisted (Gaijin),Secondary buyer,Useful for hybrid paid + performance structure or internal routing.,,,Open – no current person verified,2026-09-10,https://enlisted.net,Search Enlisted (Gaijin) + 'Partnerships / Affiliate Manager'. Validate current employment before messaging.,Research needed,,,Intentional research slot. Do not contact a guessed person; replace only after current role is verified.,Yes
TO RESEARCH,Enlisted (Gaijin),5,Growth / Performance Marketing Manager,Enlisted (Gaijin),Escalation,Useful where creator media sits inside performance acquisition.,,,Open – no current person verified,2026-09-10,https://enlisted.net,Search Enlisted (Gaijin) + 'Growth / Performance Marketing Manager'. Validate current employment before messaging.,Research needed,,,Intentional research slot. Do not contact a guessed person; replace only after current role is verified.,Yes
TO RESEARCH,MasterClass,1,Head of Influencer / Creator Marketing,MasterClass,Primary buyer,Find the person who owns creator acquisition and sponsorship budget.,,,Open – no current person verified,2026-09-10,https://www.masterclass.com,Search MasterClass + 'Head of Influencer / Creator Marketing'. Validate current employment before messaging.,Research needed,,,Intentional research slot. Do not contact a guessed person; replace only after current role is verified.,Yes
TO RESEARCH,MasterClass,2,Influencer Marketing Manager,MasterClass,Primary operator,Likely day-to-day buyer/negotiator for integrations.,,,Open – no current person verified,2026-09-10,https://www.masterclass.com,Search MasterClass + 'Influencer Marketing Manager'. Validate current employment before messaging.,Research needed,,,Intentional research slot. Do not contact a guessed person; replace only after current role is verified.,Yes
TO RESEARCH,MasterClass,3,Creator Partnerships / Sponsorships Manager,MasterClass,Primary operator,Direct remit for creator deals and sponsorships.,,,Open – no current person verified,2026-09-10,https://www.masterclass.com,Search MasterClass + 'Creator Partnerships / Sponsorships Manager'. Validate current employment before messaging.,Research needed,,,Intentional research slot. Do not contact a guessed person; replace only after current role is verified.,Yes
TO RESEARCH,MasterClass,4,Partnerships / Affiliate Manager,MasterClass,Secondary buyer,Useful for hybrid paid + performance structure or internal routing.,,,Open – no current person verified,2026-09-10,https://www.masterclass.com,Search MasterClass + 'Partnerships / Affiliate Manager'. Validate current employment before messaging.,Research needed,,,Intentional research slot. Do not contact a guessed person; replace only after current role is verified.,Yes
TO RESEARCH,MasterClass,5,Growth / Performance Marketing Manager,MasterClass,Escalation,Useful where creator media sits inside performance acquisition.,,,Open – no current person verified,2026-09-10,https://www.masterclass.com,Search MasterClass + 'Growth / Performance Marketing Manager'. Validate current employment before messaging.,Research needed,,,Intentional research slot. Do not contact a guessed person; replace only after current role is verified.,Yes
TO RESEARCH,Blinkist,1,Head of Influencer / Creator Marketing,Blinkist,Primary buyer,Find the person who owns creator acquisition and sponsorship budget.,,,Open – no current person verified,2026-09-10,https://www.blinkist.com,Search Blinkist + 'Head of Influencer / Creator Marketing'. Validate current employment before messaging.,Research needed,,,Intentional research slot. Do not contact a guessed person; replace only after current role is verified.,Yes
TO RESEARCH,Blinkist,2,Influencer Marketing Manager,Blinkist,Primary operator,Likely day-to-day buyer/negotiator for integrations.,,,Open – no current person verified,2026-09-10,https://www.blinkist.com,Search Blinkist + 'Influencer Marketing Manager'. Validate current employment before messaging.,Research needed,,,Intentional research slot. Do not contact a guessed person; replace only after current role is verified.,Yes
TO RESEARCH,Blinkist,3,Creator Partnerships / Sponsorships Manager,Blinkist,Primary operator,Direct remit for creator deals and sponsorships.,,,Open – no current person verified,2026-09-10,https://www.blinkist.com,Search Blinkist + 'Creator Partnerships / Sponsorships Manager'. Validate current employment before messaging.,Research needed,,,Intentional research slot. Do not contact a guessed person; replace only after current role is verified.,Yes
TO RESEARCH,Blinkist,4,Partnerships / Affiliate Manager,Blinkist,Secondary buyer,Useful for hybrid paid + performance structure or internal routing.,,,Open – no current person verified,2026-09-10,https://www.blinkist.com,Search Blinkist + 'Partnerships / Affiliate Manager'. Validate current employment before messaging.,Research needed,,,Intentional research slot. Do not contact a guessed person; replace only after current role is verified.,Yes
TO RESEARCH,Blinkist,5,Growth / Performance Marketing Manager,Blinkist,Escalation,Useful where creator media sits inside performance acquisition.,,,Open – no current person verified,2026-09-10,https://www.blinkist.com,Search Blinkist + 'Growth / Performance Marketing Manager'. Validate current employment before messaging.,Research needed,,,Intentional research slot. Do not contact a guessed person; replace only after current role is verified.,Yes
TO RESEARCH,Luma AI,1,Head of Influencer / Creator Marketing,Luma AI,Primary buyer,Find the person who owns creator acquisition and sponsorship budget.,,,Open – no current person verified,2026-09-10,https://lumalabs.ai,Search Luma AI + 'Head of Influencer / Creator Marketing'. Validate current employment before messaging.,Research needed,,,Intentional research slot. Do not contact a guessed person; replace only after current role is verified.,Yes
TO RESEARCH,Luma AI,2,Influencer Marketing Manager,Luma AI,Primary operator,Likely day-to-day buyer/negotiator for integrations.,,,Open – no current person verified,2026-09-10,https://lumalabs.ai,Search Luma AI + 'Influencer Marketing Manager'. Validate current employment before messaging.,Research needed,,,Intentional research slot. Do not contact a guessed person; replace only after current role is verified.,Yes
TO RESEARCH,Luma AI,3,Creator Partnerships / Sponsorships Manager,Luma AI,Primary operator,Direct remit for creator deals and sponsorships.,,,Open – no current person verified,2026-09-10,https://lumalabs.ai,Search Luma AI + 'Creator Partnerships / Sponsorships Manager'. Validate current employment before messaging.,Research needed,,,Intentional research slot. Do not contact a guessed person; replace only after current role is verified.,Yes
TO RESEARCH,Luma AI,4,Partnerships / Affiliate Manager,Luma AI,Secondary buyer,Useful for hybrid paid + performance structure or internal routing.,,,Open – no current person verified,2026-09-10,https://lumalabs.ai,Search Luma AI + 'Partnerships / Affiliate Manager'. Validate current employment before messaging.,Research needed,,,Intentional research slot. Do not contact a guessed person; replace only after current role is verified.,Yes
TO RESEARCH,Luma AI,5,Growth / Performance Marketing Manager,Luma AI,Escalation,Useful where creator media sits inside performance acquisition.,,,Open – no current person verified,2026-09-10,https://lumalabs.ai,Search Luma AI + 'Growth / Performance Marketing Manager'. Validate current employment before messaging.,Research needed,,,Intentional research slot. Do not contact a guessed person; replace only after current role is verified.,Yes
TO RESEARCH,MUBI,1,Head of Influencer / Creator Marketing,MUBI,Primary buyer,Find the person who owns creator acquisition and sponsorship budget.,,,Open – no current person verified,2026-09-10,https://sponsorradar.com/channels/thecloserlook,Search MUBI + 'Head of Influencer / Creator Marketing'. Validate current employment before messaging.,Research needed,,,Intentional research slot. Do not contact a guessed person; replace only after current role is verified.,Yes
TO RESEARCH,MUBI,2,Influencer Marketing Manager,MUBI,Primary operator,Likely day-to-day buyer/negotiator for integrations.,,,Open – no current person verified,2026-09-10,https://sponsorradar.com/channels/thecloserlook,Search MUBI + 'Influencer Marketing Manager'. Validate current employment before messaging.,Research needed,,,Intentional research slot. Do not contact a guessed person; replace only after current role is verified.,Yes
TO RESEARCH,MUBI,3,Creator Partnerships / Sponsorships Manager,MUBI,Primary operator,Direct remit for creator deals and sponsorships.,,,Open – no current person verified,2026-09-10,https://sponsorradar.com/channels/thecloserlook,Search MUBI + 'Creator Partnerships / Sponsorships Manager'. Validate current employment before messaging.,Research needed,,,Intentional research slot. Do not contact a guessed person; replace only after current role is verified.,Yes
TO RESEARCH,MUBI,4,Partnerships / Affiliate Manager,MUBI,Secondary buyer,Useful for hybrid paid + performance structure or internal routing.,,,Open – no current person verified,2026-09-10,https://sponsorradar.com/channels/thecloserlook,Search MUBI + 'Partnerships / Affiliate Manager'. Validate current employment before messaging.,Research needed,,,Intentional research slot. Do not contact a guessed person; replace only after current role is verified.,Yes
TO RESEARCH,MUBI,5,Growth / Performance Marketing Manager,MUBI,Escalation,Useful where creator media sits inside performance acquisition.,,,Open – no current person verified,2026-09-10,https://sponsorradar.com/channels/thecloserlook,Search MUBI + 'Growth / Performance Marketing Manager'. Validate current employment before messaging.,Research needed,,,Intentional research slot. Do not contact a guessed person; replace only after current role is verified.,Yes
TO RESEARCH,Keeper Security,1,Head of Influencer / Creator Marketing,Keeper Security,Primary buyer,Find the person who owns creator acquisition and sponsorship budget.,,,Open – no current person verified,2026-09-10,https://www.keepersecurity.com,Search Keeper Security + 'Head of Influencer / Creator Marketing'. Validate current employment before messaging.,Research needed,,,Intentional research slot. Do not contact a guessed person; replace only after current role is verified.,Yes
TO RESEARCH,Keeper Security,2,Influencer Marketing Manager,Keeper Security,Primary operator,Likely day-to-day buyer/negotiator for integrations.,,,Open – no current person verified,2026-09-10,https://www.keepersecurity.com,Search Keeper Security + 'Influencer Marketing Manager'. Validate current employment before messaging.,Research needed,,,Intentional research slot. Do not contact a guessed person; replace only after current role is verified.,Yes
TO RESEARCH,Keeper Security,3,Creator Partnerships / Sponsorships Manager,Keeper Security,Primary operator,Direct remit for creator deals and sponsorships.,,,Open – no current person verified,2026-09-10,https://www.keepersecurity.com,Search Keeper Security + 'Creator Partnerships / Sponsorships Manager'. Validate current employment before messaging.,Research needed,,,Intentional research slot. Do not contact a guessed person; replace only after current role is verified.,Yes
TO RESEARCH,Keeper Security,4,Partnerships / Affiliate Manager,Keeper Security,Secondary buyer,Useful for hybrid paid + performance structure or internal routing.,,,Open – no current person verified,2026-09-10,https://www.keepersecurity.com,Search Keeper Security + 'Partnerships / Affiliate Manager'. Validate current employment before messaging.,Research needed,,,Intentional research slot. Do not contact a guessed person; replace only after current role is verified.,Yes
TO RESEARCH,Keeper Security,5,Growth / Performance Marketing Manager,Keeper Security,Escalation,Useful where creator media sits inside performance acquisition.,,,Open – no current person verified,2026-09-10,https://www.keepersecurity.com,Search Keeper Security + 'Growth / Performance Marketing Manager'. Validate current employment before messaging.,Research needed,,,Intentional research slot. Do not contact a guessed person; replace only after current role is verified.,Yes
TO RESEARCH,Dashlane,1,Head of Influencer / Creator Marketing,Dashlane,Primary buyer,Find the person who owns creator acquisition and sponsorship budget.,,,Open – no current person verified,2026-09-10,https://www.dashlane.com,Search Dashlane + 'Head of Influencer / Creator Marketing'. Validate current employment before messaging.,Research needed,,,Intentional research slot. Do not contact a guessed person; replace only after current role is verified.,Yes
TO RESEARCH,Dashlane,2,Influencer Marketing Manager,Dashlane,Primary operator,Likely day-to-day buyer/negotiator for integrations.,,,Open – no current person verified,2026-09-10,https://www.dashlane.com,Search Dashlane + 'Influencer Marketing Manager'. Validate current employment before messaging.,Research needed,,,Intentional research slot. Do not contact a guessed person; replace only after current role is verified.,Yes
TO RESEARCH,Dashlane,3,Creator Partnerships / Sponsorships Manager,Dashlane,Primary operator,Direct remit for creator deals and sponsorships.,,,Open – no current person verified,2026-09-10,https://www.dashlane.com,Search Dashlane + 'Creator Partnerships / Sponsorships Manager'. Validate current employment before messaging.,Research needed,,,Intentional research slot. Do not contact a guessed person; replace only after current role is verified.,Yes
TO RESEARCH,Dashlane,4,Partnerships / Affiliate Manager,Dashlane,Secondary buyer,Useful for hybrid paid + performance structure or internal routing.,,,Open – no current person verified,2026-09-10,https://www.dashlane.com,Search Dashlane + 'Partnerships / Affiliate Manager'. Validate current employment before messaging.,Research needed,,,Intentional research slot. Do not contact a guessed person; replace only after current role is verified.,Yes
TO RESEARCH,Dashlane,5,Growth / Performance Marketing Manager,Dashlane,Escalation,Useful where creator media sits inside performance acquisition.,,,Open – no current person verified,2026-09-10,https://www.dashlane.com,Search Dashlane + 'Growth / Performance Marketing Manager'. Validate current employment before messaging.,Research needed,,,Intentional research slot. Do not contact a guessed person; replace only after current role is verified.,Yes
TO RESEARCH,Wix,1,Head of Influencer / Creator Marketing,Wix,Primary buyer,Find the person who owns creator acquisition and sponsorship budget.,,,Open – no current person verified,2026-09-10,https://sponsorradar.com/channels/cybernews,Search Wix + 'Head of Influencer / Creator Marketing'. Validate current employment before messaging.,Research needed,,,Intentional research slot. Do not contact a guessed person; replace only after current role is verified.,Yes
TO RESEARCH,Wix,2,Influencer Marketing Manager,Wix,Primary operator,Likely day-to-day buyer/negotiator for integrations.,,,Open – no current person verified,2026-09-10,https://sponsorradar.com/channels/cybernews,Search Wix + 'Influencer Marketing Manager'. Validate current employment before messaging.,Research needed,,,Intentional research slot. Do not contact a guessed person; replace only after current role is verified.,Yes
TO RESEARCH,Wix,3,Creator Partnerships / Sponsorships Manager,Wix,Primary operator,Direct remit for creator deals and sponsorships.,,,Open – no current person verified,2026-09-10,https://sponsorradar.com/channels/cybernews,Search Wix + 'Creator Partnerships / Sponsorships Manager'. Validate current employment before messaging.,Research needed,,,Intentional research slot. Do not contact a guessed person; replace only after current role is verified.,Yes
TO RESEARCH,Wix,4,Partnerships / Affiliate Manager,Wix,Secondary buyer,Useful for hybrid paid + performance structure or internal routing.,,,Open – no current person verified,2026-09-10,https://sponsorradar.com/channels/cybernews,Search Wix + 'Partnerships / Affiliate Manager'. Validate current employment before messaging.,Research needed,,,Intentional research slot. Do not contact a guessed person; replace only after current role is verified.,Yes
TO RESEARCH,Wix,5,Growth / Performance Marketing Manager,Wix,Escalation,Useful where creator media sits inside performance acquisition.,,,Open – no current person verified,2026-09-10,https://sponsorradar.com/channels/cybernews,Search Wix + 'Growth / Performance Marketing Manager'. Validate current employment before messaging.,Research needed,,,Intentional research slot. Do not contact a guessed person; replace only after current role is verified.,Yes
TO RESEARCH,Similarweb,1,Head of Influencer / Creator Marketing,Similarweb,Primary buyer,Find the person who owns creator acquisition and sponsorship budget.,,,Open – no current person verified,2026-09-10,https://sponsorradar.com/channels/cybernews,Search Similarweb + 'Head of Influencer / Creator Marketing'. Validate current employment before messaging.,Research needed,,,Intentional research slot. Do not contact a guessed person; replace only after current role is verified.,Yes
TO RESEARCH,Similarweb,2,Influencer Marketing Manager,Similarweb,Primary operator,Likely day-to-day buyer/negotiator for integrations.,,,Open – no current person verified,2026-09-10,https://sponsorradar.com/channels/cybernews,Search Similarweb + 'Influencer Marketing Manager'. Validate current employment before messaging.,Research needed,,,Intentional research slot. Do not contact a guessed person; replace only after current role is verified.,Yes
TO RESEARCH,Similarweb,3,Creator Partnerships / Sponsorships Manager,Similarweb,Primary operator,Direct remit for creator deals and sponsorships.,,,Open – no current person verified,2026-09-10,https://sponsorradar.com/channels/cybernews,Search Similarweb + 'Creator Partnerships / Sponsorships Manager'. Validate current employment before messaging.,Research needed,,,Intentional research slot. Do not contact a guessed person; replace only after current role is verified.,Yes
TO RESEARCH,Similarweb,4,Partnerships / Affiliate Manager,Similarweb,Secondary buyer,Useful for hybrid paid + performance structure or internal routing.,,,Open – no current person verified,2026-09-10,https://sponsorradar.com/channels/cybernews,Search Similarweb + 'Partnerships / Affiliate Manager'. Validate current employment before messaging.,Research needed,,,Intentional research slot. Do not contact a guessed person; replace only after current role is verified.,Yes
TO RESEARCH,Similarweb,5,Growth / Performance Marketing Manager,Similarweb,Escalation,Useful where creator media sits inside performance acquisition.,,,Open – no current person verified,2026-09-10,https://sponsorradar.com/channels/cybernews,Search Similarweb + 'Growth / Performance Marketing Manager'. Validate current employment before messaging.,Research needed,,,Intentional research slot. Do not contact a guessed person; replace only after current role is verified.,Yes
TO RESEARCH,Bluehost,1,Head of Influencer / Creator Marketing,Bluehost,Primary buyer,Find the person who owns creator acquisition and sponsorship budget.,,,Open – no current person verified,2026-09-10,https://sponsorradar.com/channels/cybernews,Search Bluehost + 'Head of Influencer / Creator Marketing'. Validate current employment before messaging.,Research needed,,,Intentional research slot. Do not contact a guessed person; replace only after current role is verified.,Yes
TO RESEARCH,Bluehost,2,Influencer Marketing Manager,Bluehost,Primary operator,Likely day-to-day buyer/negotiator for integrations.,,,Open – no current person verified,2026-09-10,https://sponsorradar.com/channels/cybernews,Search Bluehost + 'Influencer Marketing Manager'. Validate current employment before messaging.,Research needed,,,Intentional research slot. Do not contact a guessed person; replace only after current role is verified.,Yes
TO RESEARCH,Bluehost,3,Creator Partnerships / Sponsorships Manager,Bluehost,Primary operator,Direct remit for creator deals and sponsorships.,,,Open – no current person verified,2026-09-10,https://sponsorradar.com/channels/cybernews,Search Bluehost + 'Creator Partnerships / Sponsorships Manager'. Validate current employment before messaging.,Research needed,,,Intentional research slot. Do not contact a guessed person; replace only after current role is verified.,Yes
TO RESEARCH,Bluehost,4,Partnerships / Affiliate Manager,Bluehost,Secondary buyer,Useful for hybrid paid + performance structure or internal routing.,,,Open – no current person verified,2026-09-10,https://sponsorradar.com/channels/cybernews,Search Bluehost + 'Partnerships / Affiliate Manager'. Validate current employment before messaging.,Research needed,,,Intentional research slot. Do not contact a guessed person; replace only after current role is verified.,Yes
TO RESEARCH,Bluehost,5,Growth / Performance Marketing Manager,Bluehost,Escalation,Useful where creator media sits inside performance acquisition.,,,Open – no current person verified,2026-09-10,https://sponsorradar.com/channels/cybernews,Search Bluehost + 'Growth / Performance Marketing Manager'. Validate current employment before messaging.,Research needed,,,Intentional research slot. Do not contact a guessed person; replace only after current role is verified.,Yes
TO RESEARCH,Policygenius,1,Head of Influencer / Creator Marketing,Policygenius,Primary buyer,Find the person who owns creator acquisition and sponsorship budget.,,,Open – no current person verified,2026-09-10,https://sponsorradar.com/channels/taskandpurpose,Search Policygenius + 'Head of Influencer / Creator Marketing'. Validate current employment before messaging.,Research needed,,,Intentional research slot. Do not contact a guessed person; replace only after current role is verified.,Yes
TO RESEARCH,Policygenius,2,Influencer Marketing Manager,Policygenius,Primary operator,Likely day-to-day buyer/negotiator for integrations.,,,Open – no current person verified,2026-09-10,https://sponsorradar.com/channels/taskandpurpose,Search Policygenius + 'Influencer Marketing Manager'. Validate current employment before messaging.,Research needed,,,Intentional research slot. Do not contact a guessed person; replace only after current role is verified.,Yes
TO RESEARCH,Policygenius,3,Creator Partnerships / Sponsorships Manager,Policygenius,Primary operator,Direct remit for creator deals and sponsorships.,,,Open – no current person verified,2026-09-10,https://sponsorradar.com/channels/taskandpurpose,Search Policygenius + 'Creator Partnerships / Sponsorships Manager'. Validate current employment before messaging.,Research needed,,,Intentional research slot. Do not contact a guessed person; replace only after current role is verified.,Yes
TO RESEARCH,Policygenius,4,Partnerships / Affiliate Manager,Policygenius,Secondary buyer,Useful for hybrid paid + performance structure or internal routing.,,,Open – no current person verified,2026-09-10,https://sponsorradar.com/channels/taskandpurpose,Search Policygenius + 'Partnerships / Affiliate Manager'. Validate current employment before messaging.,Research needed,,,Intentional research slot. Do not contact a guessed person; replace only after current role is verified.,Yes
TO RESEARCH,Policygenius,5,Growth / Performance Marketing Manager,Policygenius,Escalation,Useful where creator media sits inside performance acquisition.,,,Open – no current person verified,2026-09-10,https://sponsorradar.com/channels/taskandpurpose,Search Policygenius + 'Growth / Performance Marketing Manager'. Validate current employment before messaging.,Research needed,,,Intentional research slot. Do not contact a guessed person; replace only after current role is verified.,Yes
